Credit Amount,Creditability,Account Balance,Duration of Credit (month),Payment Status of Previous Credit,Purpose,Value Savings/Stocks,Length of current employment,Instalment per cent,Sex & Marital Status,Guarantors,Duration in Current address,Most valuable available asset,Age (years),Concurrent Credits,Type of apartment,No of Credits at this Bank,Occupation,No of dependents,Telephone,Foreign Worker
1049,1,1,18,4,2,1,2,4,2,1,4,2,21,3,1,1,3,1,1,1
2799,1,1,9,4,0,1,3,2,3,1,2,1,36,3,1,2,3,2,1,1
841,1,2,12,2,9,2,4,2,2,1,4,1,23,3,1,1,2,1,1,1
2122,1,1,12,4,0,1,3,3,3,1,2,1,39,3,1,2,2,2,1,2
2171,1,1,12,4,0,1,3,4,3,1,4,2,38,1,2,2,2,1,1,2
2241,1,1,10,4,0,1,2,1,3,1,3,1,48,3,1,2,2,2,1,2
3398,1,1,8,4,0,1,4,1,3,1,4,1,39,3,2,2,2,1,1,2
1361,1,1,6,4,0,1,2,2,3,1,4,1,40,3,2,1,2,2,1,2
1098,1,4,18,4,3,1,1,4,2,1,4,3,65,3,2,2,1,1,1,1
3758,1,2,24,2,3,3,1,1,2,1,4,4,23,3,1,1,1,1,1,1
3905,1,1,11,4,0,1,3,2,3,1,2,1,36,3,1,2,3,2,1,1
6187,1,1,30,4,1,2,4,1,4,1,4,3,24,3,1,2,3,1,1,1
1957,1,1,6,4,3,1,4,1,2,1,4,3,31,3,2,1,3,1,1,1
7582,1,2,48,3,10,2,1,2,3,1,4,4,31,3,2,1,4,1,2,1
1936,1,1,18,2,3,5,4,2,4,1,4,3,23,3,1,2,2,1,1,1
2647,1,1,6,2,3,3,3,2,3,1,3,1,44,3,1,1,3,2,1,1
3939,1,1,11,4,0,1,3,1,3,1,2,1,40,3,2,2,2,2,1,1
3213,1,2,18,2,3,3,2,1,4,1,3,1,25,3,1,1,3,1,1,1
2337,1,2,36,4,3,1,5,4,3,1,4,1,36,3,2,1,3,1,1,1
7228,1,4,11,4,0,1,3,1,3,1,4,2,39,3,2,2,2,1,1,1
3676,1,1,6,4,0,1,3,1,3,1,3,1,37,3,1,3,3,2,1,1
3124,1,2,12,4,0,1,2,1,3,1,3,1,49,1,2,2,2,2,1,1
2384,0,2,36,2,5,1,2,4,3,1,1,4,33,3,1,1,2,1,1,1
1424,1,2,12,4,4,1,4,4,3,1,3,2,26,3,2,1,3,1,1,1
4716,1,1,6,4,0,5,2,1,3,1,3,1,44,3,2,2,2,2,1,1
4771,1,2,11,3,3,1,4,2,3,1,4,2,51,3,2,1,3,1,1,1
652,1,1,12,2,2,1,5,4,2,1,4,2,24,3,1,1,3,1,1,1
1154,1,2,9,4,3,1,5,2,3,1,4,1,37,3,2,3,2,1,1,1
3556,1,4,15,2,0,5,3,3,3,1,2,4,29,3,2,1,3,1,1,1
4796,1,3,42,4,1,1,5,4,3,1,4,4,56,3,3,1,3,1,1,1
3017,1,3,30,4,3,1,5,4,3,1,4,2,47,3,2,1,3,1,1,1
3535,1,4,36,4,0,1,4,4,3,1,4,3,37,3,2,2,3,1,2,1
6614,1,4,36,4,0,1,5,4,3,1,4,3,34,3,2,2,4,1,2,1
1376,1,4,24,2,3,3,4,4,2,1,1,3,28,3,2,1,3,1,1,1
1721,1,1,15,2,0,1,2,2,3,1,3,1,36,3,2,1,3,1,1,1
860,1,1,6,4,0,1,5,1,2,1,4,4,39,3,2,2,3,1,2,1
1495,1,4,12,4,0,1,5,4,3,1,1,1,38,3,2,2,2,2,1,1
1934,1,4,12,4,3,1,5,2,3,1,2,4,26,3,2,2,3,1,1,1
3378,1,4,18,2,1,5,3,2,3,1,1,2,31,3,2,1,3,1,2,1
3868,1,4,24,4,1,1,5,4,2,1,2,3,41,3,1,2,4,1,2,1
996,1,4,12,4,5,5,4,4,2,1,4,1,23,3,2,2,3,1,1,1
1755,1,1,24,2,10,1,5,4,2,3,4,1,58,3,2,1,2,1,2,1
1028,1,4,18,4,0,1,3,4,2,1,3,1,36,3,2,2,3,1,1,1
2825,1,2,24,4,9,5,4,4,3,1,3,4,34,3,2,2,3,2,2,1
1239,1,2,18,2,6,5,3,4,3,1,4,4,61,3,3,1,3,1,1,1
1216,0,1,18,2,0,1,2,4,2,1,3,3,23,3,1,1,3,1,2,1
1258,1,4,24,2,9,1,4,4,3,1,1,1,25,3,2,1,3,1,2,1
1864,0,4,18,4,6,2,3,4,2,1,2,1,30,3,2,2,3,1,1,1
1474,1,4,24,2,0,2,2,4,4,1,3,1,33,3,2,1,3,1,2,1
1382,1,1,24,4,9,2,4,4,3,1,1,1,26,3,2,2,3,1,2,1
640,1,4,12,2,0,1,3,4,1,1,2,1,49,3,2,1,2,1,1,1
3919,1,3,36,2,3,1,3,2,3,1,2,1,23,3,2,1,3,1,2,1
1224,1,4,9,4,0,1,3,3,3,1,1,1,30,3,2,2,3,1,1,1
2331,1,4,12,4,3,5,5,1,3,2,4,1,49,3,2,1,3,1,2,1
6313,1,4,24,2,1,5,5,3,3,1,4,3,41,3,2,1,4,2,2,1
385,1,1,12,4,3,1,4,4,2,1,3,1,58,3,2,4,2,1,2,1
1655,1,4,12,4,3,1,5,2,3,1,4,1,63,3,2,2,2,1,2,1
1053,1,1,15,2,3,1,2,4,4,1,2,1,27,3,2,1,3,1,1,2
3160,1,4,21,2,3,5,5,4,3,1,3,2,41,3,2,1,3,1,2,1
3079,1,4,36,2,0,5,3,4,3,1,4,1,36,3,2,1,3,1,1,1
1163,1,4,12,4,0,3,3,4,3,1,4,1,44,3,2,1,3,1,2,1
2679,1,4,24,2,1,1,2,4,2,1,1,4,29,3,2,1,4,1,2,1
3578,1,4,48,4,3,5,5,4,3,1,1,1,47,3,2,1,3,1,2,1
10875,1,4,36,3,0,1,5,2,3,1,2,3,45,3,2,2,3,2,2,1
1344,1,1,12,3,0,1,3,4,3,1,2,1,43,3,2,2,2,2,1,1
1237,1,4,6,4,3,2,3,1,2,1,1,2,27,3,2,2,3,1,1,1
3077,1,4,12,2,3,1,3,2,3,1,4,3,52,3,2,1,3,1,2,1
2284,1,4,24,2,3,1,4,4,3,1,2,3,28,3,2,1,3,1,2,1
1567,1,2,12,2,3,1,3,1,2,1,1,3,22,3,2,1,3,1,2,1
2032,1,4,24,3,0,1,5,4,3,1,4,4,60,3,3,2,3,1,2,1
2745,1,2,21,4,2,4,4,3,3,1,2,3,32,3,2,2,3,1,2,1
1867,1,4,30,2,3,5,5,4,3,1,4,3,58,3,2,1,3,1,2,1
2299,1,4,36,2,3,3,5,4,3,1,4,3,39,3,2,1,3,1,1,1
929,1,4,24,2,2,5,4,4,3,1,2,3,31,2,2,1,3,1,2,1
3399,1,3,12,2,3,5,5,2,3,1,3,3,37,3,2,1,4,1,1,1
2030,1,2,9,2,2,5,4,2,3,1,1,3,24,3,2,1,3,1,2,1
3275,1,4,21,4,1,1,5,1,3,1,4,3,36,3,2,1,4,1,2,1
1940,1,4,24,4,0,4,5,4,3,1,4,1,60,3,2,1,3,1,2,1
1602,1,1,21,4,0,1,5,4,4,1,3,3,30,3,2,2,3,1,2,1
1979,1,4,15,2,3,5,5,4,3,1,2,3,35,3,2,1,3,1,1,1
2022,1,4,24,4,0,1,3,4,2,1,4,3,37,3,2,1,3,1,2,1
3342,1,4,36,4,3,5,5,4,3,1,2,3,51,3,2,1,3,1,2,1
5866,1,2,18,2,0,2,3,2,3,1,2,3,30,3,2,2,3,1,2,1
2360,1,3,15,4,1,3,3,2,3,1,2,3,36,3,2,1,3,1,2,1
1520,1,4,15,4,2,5,5,4,3,1,4,2,63,3,2,1,3,1,1,1
3651,1,1,12,2,0,4,3,1,3,1,3,2,31,3,2,1,3,2,1,1
2346,1,4,24,4,1,1,4,4,3,1,3,3,35,3,2,2,3,1,2,1
4454,1,4,36,3,3,1,3,4,2,1,4,1,34,3,2,2,3,1,1,1
666,1,1,6,4,0,4,4,3,2,1,4,1,39,3,2,2,2,1,2,1
1965,1,2,24,3,0,5,3,4,2,1,4,3,42,3,1,2,3,1,2,1
1995,1,2,12,4,0,2,2,4,3,1,1,3,27,3,2,1,3,1,1,1
2991,1,2,30,2,3,5,5,2,2,1,4,3,25,3,2,1,3,1,1,1
4221,1,2,30,0,9,1,3,2,2,1,1,3,28,3,2,2,3,1,1,1
1364,1,1,9,2,3,1,4,3,3,1,4,1,59,3,2,1,3,1,1,1
6361,1,2,18,4,2,1,5,2,3,1,1,4,41,3,2,1,3,1,2,1
4526,1,4,27,4,2,4,2,4,3,1,2,1,32,2,2,2,2,2,2,1
3573,1,2,12,4,3,1,3,1,2,1,1,1,23,3,2,1,2,1,1,1
4455,0,2,36,3,9,1,3,2,1,1,2,1,30,2,2,2,4,1,2,1
2136,1,1,9,2,2,1,3,3,3,1,2,1,25,3,2,1,3,1,1,1
5954,1,2,42,4,9,1,4,2,2,1,1,1,41,1,2,2,2,1,1,1
3777,1,4,24,4,2,4,3,4,3,1,4,1,40,3,2,1,3,1,2,1
806,1,1,15,2,9,1,3,4,2,1,4,2,22,3,2,1,2,1,1,1
4712,1,2,24,3,9,5,3,4,3,1,2,2,34,1,2,2,4,1,2,1
7432,1,2,36,3,0,1,3,2,2,1,2,2,54,3,1,1,3,1,1,1
1851,1,4,24,4,3,1,4,4,4,3,2,3,33,3,2,2,3,1,2,1
1393,1,4,24,2,0,1,3,2,3,3,2,1,31,3,2,1,3,1,2,1
1412,1,4,12,4,9,1,3,4,2,3,2,1,29,3,2,2,4,1,2,1
1473,1,4,18,2,3,1,2,3,4,1,4,1,39,3,2,1,3,1,2,1
1533,1,4,24,2,3,1,2,4,2,1,3,3,38,2,2,1,3,1,2,1
2012,1,4,12,4,6,5,4,4,2,1,2,3,61,3,2,1,3,1,1,1
3959,0,1,15,2,0,1,3,3,2,1,2,2,29,3,2,1,3,1,2,1
428,1,1,6,2,2,1,5,2,2,1,1,2,49,1,2,1,3,1,2,1
2366,1,2,12,4,0,3,4,3,1,1,3,3,36,3,2,1,4,1,2,1
763,1,4,12,2,2,1,3,4,2,1,1,1,26,3,2,1,3,1,2,1
3976,1,2,21,2,2,5,4,2,3,1,3,3,35,3,2,1,3,1,2,1
6260,1,2,18,2,0,1,4,3,3,1,3,1,28,3,1,1,2,1,1,1
1919,1,2,9,4,2,1,4,4,3,1,3,3,35,3,1,1,3,1,2,1
2603,1,4,24,2,1,4,3,2,2,1,4,3,28,3,1,1,3,1,2,1
936,1,4,9,4,6,3,5,4,3,1,2,3,52,3,2,2,3,1,2,1
3062,1,4,24,2,2,3,5,4,3,1,3,4,32,3,1,1,3,1,2,1
4795,1,2,36,2,3,1,2,4,2,1,1,4,30,3,2,1,4,1,2,1
5842,1,4,36,4,1,1,5,2,3,1,2,2,35,3,2,2,3,2,2,1
2063,1,2,6,2,3,1,2,4,4,1,3,3,30,3,1,1,4,1,2,1
1459,1,4,15,4,3,1,3,4,2,1,2,3,43,3,2,1,2,1,1,1
1213,1,4,15,2,3,3,5,4,3,1,3,2,47,2,2,1,3,1,2,1
5103,1,4,24,4,3,1,2,3,4,1,3,4,47,3,3,3,3,1,2,1
874,1,4,15,2,4,5,2,4,2,1,1,1,24,3,2,1,3,1,1,1
2978,1,4,6,2,2,3,3,1,3,1,2,3,32,3,2,1,3,1,2,1
1820,1,4,18,2,0,1,3,2,4,1,2,2,30,3,2,1,4,1,2,1
2872,1,4,24,4,3,2,5,3,3,1,4,1,36,3,2,1,3,2,2,1
1925,1,3,24,2,2,1,3,2,3,1,2,1,26,3,2,1,3,1,1,1
2515,1,4,18,2,2,1,3,3,3,1,4,1,43,3,2,1,3,1,2,1
2116,1,3,6,2,2,1,3,2,3,1,2,1,41,3,2,1,3,1,2,1
1453,1,4,18,2,3,1,2,3,2,1,1,1,26,3,2,1,3,1,1,1
1364,1,4,10,2,0,1,3,2,2,1,4,3,64,3,2,1,3,1,2,1
1543,1,4,6,2,2,4,3,4,1,1,2,1,33,3,2,1,3,1,1,1
1318,1,2,12,2,0,4,5,4,3,1,4,1,54,3,2,1,3,1,2,1
2325,1,1,24,1,0,2,4,2,3,1,3,3,32,1,2,1,3,1,1,1
932,1,2,6,4,8,5,4,1,2,1,3,2,39,3,2,2,2,1,1,1
3148,1,3,24,4,3,5,3,3,3,1,2,3,31,3,2,2,3,1,2,1
3835,1,4,36,2,3,5,5,2,2,1,4,1,45,3,2,1,2,1,2,1
3832,1,4,9,2,6,5,5,1,3,1,4,1,64,3,2,1,2,1,1,1
5084,1,2,24,2,3,5,5,2,2,1,4,3,42,3,2,1,3,1,2,1
2406,1,4,9,4,2,1,1,2,3,1,3,3,31,3,2,1,4,1,1,1
2394,1,4,36,2,3,5,3,4,2,1,4,3,25,3,2,1,3,1,1,1
2476,1,4,21,2,1,5,5,4,3,1,4,1,46,3,2,1,4,1,2,1
2964,1,1,24,2,1,5,5,4,3,1,4,4,49,1,3,1,3,2,2,1
1262,1,1,12,2,2,5,5,2,1,1,4,2,49,3,2,1,2,1,2,1
1542,1,4,12,2,9,1,4,2,3,1,4,3,36,3,2,1,3,1,2,1
1743,1,2,24,4,3,1,5,4,3,1,2,2,48,3,2,2,2,1,1,1
409,1,3,12,1,3,4,3,3,2,1,3,1,42,3,1,2,3,1,1,1
2171,1,4,12,2,3,1,2,2,2,1,2,3,29,1,2,1,3,1,1,1
8858,1,4,48,4,1,5,4,2,3,1,1,4,35,3,3,2,3,1,2,1
3512,1,2,24,2,0,2,4,2,3,1,3,3,38,1,2,2,3,1,2,1
1158,1,2,12,2,3,3,3,3,1,1,1,3,26,3,2,1,3,1,2,1
2684,1,4,24,4,3,1,3,4,3,1,2,1,35,3,2,2,2,1,1,1
1498,1,1,12,2,3,1,3,4,2,1,1,3,23,1,2,1,3,1,1,1
5954,1,4,30,4,3,1,4,3,3,2,2,3,38,3,2,1,3,1,1,1
6416,0,2,48,1,9,1,5,4,2,1,3,4,59,3,1,1,3,1,1,1
3617,1,2,12,4,2,1,5,1,3,1,4,3,28,3,1,3,3,1,2,1
1291,1,4,12,4,3,1,3,4,2,1,2,2,35,3,2,2,3,1,1,1
1275,1,3,24,4,9,4,3,2,1,1,4,1,36,3,2,2,3,1,2,1
3972,1,4,24,2,2,1,4,2,2,1,4,2,25,3,1,1,3,1,2,1
3343,1,4,15,4,2,1,3,4,3,1,2,4,28,3,3,1,3,1,2,1
392,1,3,15,2,6,1,2,4,2,1,4,2,23,3,1,1,3,1,2,1
2134,1,4,9,4,0,1,3,4,3,1,4,3,48,3,2,3,3,1,2,1
5771,1,4,30,4,3,1,4,4,2,1,2,3,25,3,2,2,3,1,1,1
4526,1,4,24,4,9,1,3,3,3,1,2,1,74,3,2,1,4,1,2,1
2788,1,4,15,4,2,1,4,2,2,2,3,3,24,1,2,2,3,1,1,1
1382,1,4,6,4,3,1,3,1,2,1,1,3,28,3,2,2,3,1,2,1
5848,1,3,36,2,3,1,3,4,3,1,1,3,24,3,2,1,3,1,1,1
1228,0,1,12,2,0,1,3,4,2,1,2,1,24,3,2,1,2,1,1,1
1297,1,3,12,2,3,1,3,3,4,1,4,1,23,3,1,1,3,1,1,1
1552,1,4,24,2,3,1,4,3,3,1,1,3,32,1,2,1,3,2,1,1
1963,1,4,12,2,3,1,4,4,3,1,2,3,31,3,1,2,4,2,2,1
3235,1,4,24,2,3,3,5,3,1,1,2,3,36,3,2,1,4,1,2,1
4139,1,4,24,4,9,2,3,3,3,1,3,2,27,3,2,2,2,1,2,1
1804,1,2,12,4,1,2,2,3,3,1,4,2,44,3,2,1,3,1,1,1
1950,1,4,18,2,9,1,4,4,3,1,1,3,34,2,2,2,3,1,2,1
12749,1,4,48,3,3,3,4,4,3,1,1,3,37,3,2,1,4,1,2,1
1236,1,4,9,2,4,1,2,1,2,1,4,1,23,3,1,1,3,1,2,1
1055,1,4,18,4,0,1,2,4,2,1,1,2,30,3,2,2,3,1,1,1
8072,1,1,30,0,9,5,2,2,3,1,3,3,25,1,2,3,3,1,1,1
2831,1,4,30,4,3,1,3,4,2,1,2,3,33,3,2,1,3,1,2,1
1449,1,4,9,2,9,1,4,3,2,1,2,3,27,3,2,2,3,1,1,1
5742,1,4,36,2,9,2,4,2,3,1,2,3,31,3,2,2,3,1,2,1
2390,1,4,12,2,0,5,5,4,3,1,3,3,50,3,2,1,3,1,2,1
3430,1,4,24,2,3,3,5,3,3,1,2,3,31,3,2,1,3,2,2,1
2273,1,2,36,2,6,1,4,3,3,1,1,3,32,3,2,2,3,2,1,1
2923,1,3,21,2,0,2,3,1,2,1,1,3,28,1,2,1,4,1,2,1
1901,1,4,24,2,3,2,3,4,3,1,4,3,29,3,1,1,4,1,2,1
3711,1,2,36,2,6,5,3,2,4,1,2,3,27,3,2,1,3,1,1,1
8487,1,2,48,2,0,5,4,1,2,1,2,3,24,3,2,1,3,1,1,1
2255,1,4,24,2,0,5,2,4,3,1,1,2,54,3,2,1,3,1,1,1
1262,1,4,12,2,3,1,3,3,3,1,2,3,25,3,2,1,3,1,1,1
7253,1,4,33,4,1,1,4,3,3,1,2,3,35,3,2,2,4,1,2,1
6761,1,4,6,4,0,1,4,1,3,1,3,4,45,3,2,2,4,2,2,1
1817,1,4,18,4,2,1,3,4,2,1,2,4,28,3,2,2,3,1,1,1
2141,1,4,12,2,3,2,4,3,3,1,1,4,35,3,2,1,3,1,1,1
3609,1,4,48,1,9,1,3,1,2,1,1,1,27,2,2,1,3,1,1,1
2333,1,4,30,2,3,3,5,4,3,1,2,3,30,1,2,1,4,1,1,1
7824,1,4,28,1,1,5,2,3,3,3,4,1,40,1,1,2,3,2,2,1
1445,1,3,18,1,3,5,4,4,3,1,4,3,49,1,2,1,2,1,1,1
7721,1,1,24,2,2,5,2,1,2,1,2,2,30,3,2,1,3,1,2,2
3763,1,1,21,2,0,5,4,2,3,2,2,1,24,3,2,1,2,1,1,2
4439,1,2,18,2,9,1,5,1,3,2,1,1,33,1,2,1,4,1,2,1
1107,1,1,12,2,3,1,3,2,3,1,2,1,20,3,1,1,4,2,2,1
1444,1,2,15,2,3,5,2,4,3,1,1,2,23,3,2,1,3,1,1,1
12169,1,2,48,1,0,5,1,4,3,2,4,4,36,3,3,1,4,1,2,1
2753,1,4,9,2,3,2,5,3,3,2,4,3,35,3,2,1,3,1,2,1
1494,1,3,4,2,0,5,2,1,3,1,2,1,29,3,2,1,2,2,1,2
2828,1,1,24,1,2,3,3,4,3,1,4,1,22,2,2,1,3,1,2,1
2483,1,1,24,1,2,3,3,4,3,1,4,1,22,2,2,1,3,1,2,1
1299,1,3,6,4,0,1,3,1,3,1,1,1,74,3,2,3,1,2,1,2
1549,1,2,9,2,0,5,2,4,3,1,2,1,35,3,2,1,1,1,1,1
3949,1,3,10,2,0,1,2,1,3,3,1,2,37,3,2,1,2,2,1,1
2901,1,4,10,2,1,5,2,1,2,1,4,1,31,3,1,1,3,1,1,1
709,1,3,6,2,0,4,2,2,4,1,2,1,27,3,2,1,1,1,1,2
10722,1,1,47,2,0,1,2,1,2,1,1,1,35,3,2,1,2,1,2,1
1287,1,4,10,2,0,5,5,4,3,2,2,2,45,3,2,1,2,1,1,2
1940,1,1,18,1,3,1,2,3,3,2,4,4,36,1,3,1,4,1,2,1
3656,1,3,30,4,3,5,5,4,3,1,4,2,49,2,2,2,2,1,1,1
4679,1,4,24,3,1,1,4,3,3,1,3,3,35,3,2,2,2,1,2,1
8613,1,4,27,3,1,4,3,2,3,1,2,3,27,3,2,2,3,1,1,1
2659,1,1,18,2,2,4,3,4,3,1,2,3,28,3,2,1,3,1,1,1
1516,1,4,24,4,3,4,3,4,2,1,1,1,43,3,2,2,2,1,1,1
4380,1,1,18,2,0,2,3,3,3,1,4,3,35,3,2,1,2,2,2,1
802,1,4,14,3,0,1,3,4,3,1,2,3,27,3,2,2,2,1,1,1
1572,1,4,21,2,9,4,5,4,2,1,4,1,36,1,2,1,2,1,1,1
3566,1,2,48,1,9,2,4,4,3,1,2,3,30,3,2,1,3,1,1,1
1278,1,4,24,2,3,1,5,4,3,1,1,1,36,3,2,1,4,1,2,1
426,1,4,6,0,3,1,5,4,4,1,4,3,39,3,2,1,2,1,1,1
8588,1,4,39,2,1,2,5,4,3,1,2,3,45,3,2,1,4,1,2,1
3857,1,1,30,2,1,1,3,4,1,1,4,2,40,3,2,1,4,1,2,1
685,0,2,12,2,0,1,4,2,4,1,3,3,25,1,2,1,2,1,1,1
1603,1,1,24,2,3,1,5,4,2,1,4,3,55,3,2,1,3,1,1,1
2241,1,4,21,2,2,1,5,4,3,1,2,1,50,3,2,2,3,1,1,1
2384,1,1,24,2,3,1,5,4,3,1,4,1,64,1,1,1,2,1,1,1
601,1,4,4,2,2,1,2,1,2,1,3,1,23,3,1,1,2,2,1,1
2569,1,4,39,2,1,3,3,4,3,1,4,3,24,3,2,1,3,1,1,1
1316,1,4,15,4,3,3,3,2,4,1,2,2,47,3,2,2,2,1,1,1
10366,1,4,60,2,0,1,5,2,3,1,4,2,42,3,2,1,4,1,2,1
1568,1,4,18,2,9,2,3,3,2,1,4,2,24,3,1,1,2,1,1,1
629,1,4,18,4,3,3,5,4,3,1,3,2,32,1,2,2,4,1,2,1
1750,1,4,6,1,3,3,5,2,3,1,4,2,45,1,2,1,2,2,1,1
3488,1,4,24,2,1,2,4,3,2,1,4,3,23,3,2,1,3,1,1,1
1800,1,4,18,4,3,1,3,4,3,1,2,3,24,3,2,2,3,1,1,1
4151,1,4,24,3,2,2,3,2,3,1,3,2,35,3,2,2,3,1,1,1
2631,1,2,15,2,5,2,3,3,2,1,2,1,25,3,2,1,2,1,1,1
5248,1,4,21,2,1,5,3,1,3,1,3,3,26,3,2,1,3,1,1,1
2899,1,2,18,3,0,5,5,4,3,1,4,3,43,3,2,1,3,2,1,1
6204,1,2,18,3,5,1,3,2,3,1,4,1,44,3,2,1,2,2,2,1
804,1,4,12,2,3,1,5,4,3,1,4,3,38,3,2,1,3,1,1,1
3595,1,4,36,2,3,1,5,4,3,1,2,3,28,3,2,1,3,1,1,1
5711,1,4,36,4,1,4,5,4,3,1,2,3,38,3,2,2,4,1,2,1
2687,1,3,15,2,9,1,4,2,3,1,4,2,26,3,1,1,3,1,2,1
3643,1,1,15,3,2,1,5,1,2,1,4,2,27,3,2,2,2,1,1,1
2146,1,4,10,4,2,1,2,1,2,1,3,1,23,3,1,2,3,1,1,1
2315,1,1,10,2,3,1,5,3,3,1,4,1,52,3,2,1,2,1,1,1
3448,1,4,5,2,9,1,4,1,3,1,4,1,74,3,2,1,2,1,1,1
2708,1,4,15,2,2,1,2,2,3,1,3,2,27,1,2,2,2,1,1,1
1393,1,4,11,4,0,1,2,4,2,1,4,3,35,3,2,2,4,1,1,1
1275,1,3,10,2,2,1,2,4,2,1,2,2,23,3,2,1,3,1,1,1
1313,1,4,9,2,2,1,5,1,3,1,4,3,20,3,2,1,3,1,1,1
1493,1,4,12,2,3,1,2,4,2,1,3,3,34,3,2,1,3,2,1,1
2675,1,4,22,2,3,3,5,3,3,1,4,3,40,3,2,1,3,1,1,1
2118,1,2,9,2,3,1,3,2,3,1,2,1,37,3,2,1,2,2,1,1
909,1,4,36,2,0,3,5,4,3,1,4,2,36,3,2,1,3,1,1,1
1258,1,4,12,4,2,1,2,2,2,1,4,2,22,3,1,2,2,1,1,1
1569,1,4,15,1,3,2,5,4,3,1,4,3,34,1,2,1,2,2,1,1
1236,1,4,6,2,1,3,3,2,3,1,4,2,50,3,1,1,3,1,1,1
7678,1,4,36,3,2,3,4,2,2,1,4,3,40,3,2,2,3,1,2,1
660,1,4,6,2,5,3,4,2,4,1,4,1,23,3,1,1,2,1,1,1
2835,1,4,24,2,2,3,5,3,3,1,4,2,53,3,2,1,3,1,1,1
2670,1,4,24,2,1,1,5,4,3,1,4,3,35,3,2,1,4,1,2,1
3447,1,4,12,1,8,3,3,4,2,1,3,1,35,3,2,1,2,2,1,1
3568,1,4,15,2,3,1,5,4,2,1,2,3,54,1,1,1,4,1,2,1
3652,1,2,21,4,9,1,4,2,3,1,3,2,27,3,2,2,3,1,1,1
3660,1,1,24,2,3,1,3,2,2,1,4,3,28,3,2,1,3,1,1,1
1126,1,3,9,2,3,2,5,2,1,1,4,1,49,3,2,1,3,1,1,1
683,1,3,6,3,3,1,2,2,2,1,1,2,29,1,2,1,3,1,1,1
2251,1,3,12,2,2,1,3,1,2,1,2,3,46,3,2,1,2,1,1,1
4675,1,4,12,2,1,5,2,1,2,1,4,3,20,3,1,1,3,1,1,1
2353,1,2,21,3,0,1,3,1,1,1,4,2,47,3,2,2,3,1,1,1
3357,1,1,21,2,3,4,2,4,2,1,2,3,29,1,2,1,3,1,1,1
672,1,4,6,2,0,1,1,1,2,1,4,1,54,3,2,1,1,1,2,1
338,1,1,6,4,3,3,5,4,3,1,4,3,52,3,2,2,3,1,1,1
2697,1,4,9,2,3,1,3,1,3,1,2,1,32,3,2,1,3,2,1,1
2507,1,4,9,2,0,3,5,2,3,1,4,4,51,3,3,1,2,1,1,1
1478,1,4,15,3,3,1,3,4,4,1,3,1,33,1,2,2,3,1,1,1
3565,1,4,12,4,6,5,2,2,3,1,1,2,37,3,2,2,2,2,1,1
2221,1,4,15,2,2,3,3,2,2,1,4,3,20,3,1,1,3,1,1,1
1898,1,4,6,4,3,5,3,1,3,1,2,1,34,3,2,2,2,2,1,1
1449,1,2,6,3,9,2,5,1,1,1,2,3,31,1,2,2,3,2,1,1
960,1,4,15,3,2,4,4,3,2,1,2,2,30,3,2,2,3,1,1,1
8133,1,4,36,2,1,1,3,1,2,1,2,2,30,1,2,1,3,1,1,1
2301,1,4,9,2,2,2,2,2,2,1,4,2,22,3,1,1,3,1,1,1
1743,1,4,6,3,9,2,3,1,3,1,2,1,34,3,2,2,2,1,1,1
983,1,2,12,2,2,4,2,1,2,1,4,1,19,3,1,1,2,1,1,1
2320,1,4,18,3,3,1,1,2,4,1,3,1,34,3,2,2,3,1,1,1
339,1,1,12,1,8,1,5,4,4,1,1,3,45,1,2,1,2,1,1,1
5152,1,3,24,2,3,1,4,4,3,1,2,3,25,1,2,1,3,1,1,1
3749,1,3,24,2,2,1,2,2,2,1,4,3,26,3,2,1,3,1,1,1
3074,1,4,9,4,3,5,3,1,3,1,2,1,33,3,2,2,3,2,1,1
745,0,3,9,2,3,1,3,3,2,1,2,1,28,3,2,1,2,1,1,1
1469,1,4,24,2,0,2,5,4,4,1,4,1,41,3,1,1,2,1,1,1
1374,1,1,6,2,2,1,3,1,3,1,2,1,36,1,2,1,2,1,2,1
783,1,4,6,1,0,5,3,1,3,3,2,1,26,2,2,1,2,2,1,1
2606,1,1,21,2,3,1,2,4,2,1,4,2,28,3,1,1,4,1,2,1
9436,1,4,54,0,1,5,3,2,3,1,2,2,39,3,2,1,2,2,1,1
930,1,4,12,4,3,5,5,4,3,1,4,1,65,3,2,4,3,1,1,1
2751,1,4,48,4,1,5,5,4,3,1,3,3,38,3,2,2,3,2,2,1
250,1,4,6,4,0,4,3,2,2,1,2,1,41,1,2,2,2,1,1,1
1201,1,2,24,2,0,1,2,4,3,1,1,2,26,3,2,1,3,1,1,1
662,1,1,6,2,0,1,2,3,3,1,4,1,41,3,2,1,2,2,2,1
1300,1,4,15,2,1,5,5,4,3,1,4,4,45,1,3,1,3,2,1,1
1559,1,4,24,1,9,1,4,4,3,1,4,3,40,1,2,1,3,1,2,1
3016,1,3,12,2,3,1,3,3,4,1,1,3,24,3,2,1,3,1,1,1
1360,1,4,15,4,3,1,3,4,3,1,2,2,31,3,2,2,3,1,1,1
1204,1,4,6,0,0,2,3,4,3,1,1,4,35,1,1,1,3,1,1,2
1597,1,4,10,2,0,3,3,3,3,1,2,4,40,3,1,1,2,2,1,2
2073,1,4,12,2,3,2,3,4,2,2,2,1,28,3,2,1,3,1,1,1
2142,1,4,11,2,9,4,5,1,1,1,2,1,28,3,2,1,3,1,2,1
2132,1,1,10,4,2,5,2,2,2,2,3,1,27,3,1,2,3,1,1,2
1546,1,4,10,2,0,1,3,3,3,1,2,1,31,3,2,1,2,2,1,2
1287,1,4,24,4,0,4,5,4,2,1,4,1,37,3,2,2,3,1,2,1
1418,1,4,10,2,0,2,3,3,3,1,2,1,35,3,1,1,2,1,1,2
1343,1,3,6,4,0,1,5,1,3,1,4,1,46,3,2,2,3,2,1,2
2662,1,4,18,2,0,5,4,4,3,1,3,2,32,3,2,1,3,1,1,2
6070,1,4,18,4,3,1,5,3,3,1,4,3,33,3,2,2,3,1,2,1
1927,1,4,24,4,6,5,3,3,2,1,2,3,33,3,2,2,3,1,2,1
2404,1,4,18,4,3,1,3,2,2,1,2,3,26,3,2,2,3,1,1,1
1554,1,4,6,4,3,1,4,1,2,1,2,3,24,3,1,2,3,1,2,1
1283,1,4,22,2,0,5,4,4,2,1,4,2,25,3,1,1,3,1,1,1
717,1,4,24,3,0,5,5,4,4,1,4,3,54,3,2,2,3,1,2,1
1747,1,1,24,2,2,1,2,4,3,2,1,2,24,3,2,1,2,1,1,2
1288,1,1,9,4,5,2,5,3,3,3,4,1,48,3,2,2,3,2,1,2
1038,1,1,10,4,0,1,4,4,3,2,3,2,49,3,2,2,3,1,2,1
2848,1,4,10,2,1,2,3,1,3,2,2,1,32,3,2,1,3,2,1,1
1413,1,4,12,2,1,4,4,3,3,1,2,2,55,3,2,1,3,1,1,2
3077,1,4,30,4,3,5,5,3,3,1,2,3,40,3,2,2,3,2,2,1
3632,1,1,24,1,1,1,3,1,2,3,4,3,22,1,1,1,3,1,1,2
3229,1,4,18,4,1,5,1,2,3,1,4,4,38,3,2,1,4,1,2,1
3577,1,4,9,2,0,2,3,1,3,3,2,1,26,3,1,1,3,2,1,2
682,1,4,12,4,0,2,4,4,2,1,3,3,51,3,2,2,3,1,2,1
1924,1,4,10,2,3,1,3,1,3,1,4,2,38,3,2,1,3,1,2,2
727,1,4,10,2,6,3,5,4,3,1,4,4,46,3,3,1,3,1,2,1
781,1,3,10,4,0,1,5,4,3,1,4,4,63,3,3,2,3,1,2,1
2121,1,1,12,4,0,1,3,4,3,1,2,2,30,3,2,2,3,1,1,1
701,1,4,12,4,6,1,3,4,3,1,2,3,32,3,2,2,3,1,1,1
2069,1,4,10,4,2,5,3,2,4,1,1,3,26,3,2,2,3,1,1,2
1525,1,4,24,2,0,4,4,4,2,1,3,3,34,3,2,1,3,2,2,1
7629,1,4,48,4,9,5,5,4,1,1,2,3,46,1,2,2,4,2,1,1
3499,0,1,12,4,0,1,3,3,2,2,2,1,29,3,2,2,3,1,1,1
1346,1,4,6,2,3,2,5,2,3,1,4,4,42,1,3,1,3,2,2,1
10477,1,4,36,4,1,5,5,2,3,1,4,4,42,3,3,2,3,1,1,1
2924,1,1,24,2,1,1,3,3,3,3,4,4,63,1,2,1,3,2,2,1
1231,1,4,10,4,0,1,5,3,3,1,4,1,32,3,2,2,2,2,1,2
1961,1,3,18,2,0,1,5,3,2,1,2,3,23,3,2,1,4,1,1,1
5045,1,4,15,4,0,5,5,1,2,1,4,3,59,3,2,1,3,1,2,1
1255,1,4,12,4,0,1,5,4,3,1,4,1,61,3,2,2,2,1,1,1
1858,1,1,12,2,2,1,2,4,2,1,1,3,22,3,1,1,3,1,1,1
1221,1,4,6,4,2,5,3,1,4,1,2,2,27,3,2,2,3,1,1,1
1388,1,4,9,2,2,1,3,4,2,1,2,1,26,3,1,1,3,1,1,1
2279,1,4,12,2,3,5,3,4,3,1,4,4,37,3,3,1,3,1,2,1
2759,1,4,12,0,2,1,5,2,3,1,4,2,34,3,2,2,3,1,1,1
1258,1,3,24,2,3,3,3,3,2,1,3,3,57,3,2,1,2,1,1,1
1410,1,2,12,0,8,1,3,2,3,1,2,1,31,3,2,1,2,1,2,1
1403,1,1,15,2,0,1,3,2,2,1,4,3,28,3,1,1,3,1,1,1
3021,1,1,24,2,2,1,3,2,1,1,2,1,24,3,1,1,2,1,1,1
6568,1,1,24,2,9,1,3,2,4,1,2,3,21,2,2,1,2,1,1,1
2578,1,4,24,4,3,4,5,2,3,1,2,3,34,3,2,1,3,1,1,1
7758,1,2,24,4,1,4,5,2,2,1,4,4,29,3,1,1,3,1,1,1
343,1,1,6,2,4,1,2,4,2,1,1,1,27,3,2,1,3,1,1,1
1591,1,4,21,3,2,2,4,4,3,1,3,1,34,3,2,2,4,1,1,1
3416,1,1,27,2,3,1,3,3,3,1,2,3,27,3,2,1,4,1,1,1
1108,0,1,12,0,5,1,4,4,3,1,3,1,28,3,2,2,3,1,1,1
5965,1,2,27,3,1,1,5,1,3,1,2,3,30,3,2,2,4,1,2,1
1514,1,2,15,2,5,2,3,4,3,3,2,1,22,3,2,1,3,1,1,1
6742,1,4,30,4,3,5,4,2,3,1,3,2,36,3,2,2,3,1,1,1
3650,1,1,18,2,2,1,2,1,2,1,4,3,22,3,1,1,3,1,1,1
3599,1,1,21,2,2,1,4,1,2,1,4,3,26,3,1,1,2,1,1,1
13756,1,4,60,4,0,5,5,2,3,1,4,4,63,1,3,1,4,1,2,1
276,1,2,9,2,0,1,3,4,4,1,4,1,22,3,1,1,2,1,1,1
4041,1,4,42,4,2,3,3,4,3,1,4,1,36,3,2,2,3,1,2,1
458,1,2,9,2,3,1,3,4,3,1,3,1,24,3,2,1,3,1,1,1
918,0,2,9,2,2,1,3,4,2,1,1,2,30,3,2,1,3,1,1,1
7393,1,4,24,2,0,1,3,1,3,1,4,2,43,3,2,1,2,2,1,1
1225,1,3,10,2,4,1,3,2,3,1,2,3,37,3,2,1,3,1,2,1
2812,1,1,24,2,1,5,5,2,2,1,4,1,26,3,1,1,3,1,1,1
3029,1,4,15,2,1,1,4,2,3,1,2,3,33,3,2,1,3,1,1,1
1480,1,3,12,4,0,3,1,2,3,1,4,4,66,1,3,3,1,1,1,1
1047,1,3,6,4,6,1,3,2,2,1,4,2,50,3,2,1,2,1,1,1
1471,1,4,15,4,3,1,3,4,3,1,4,4,35,3,3,2,3,1,2,1
5511,1,4,24,2,2,2,3,4,3,1,1,3,25,2,2,1,3,1,1,1
1206,1,2,9,2,3,1,5,4,2,1,4,1,25,3,2,1,3,1,1,1
6403,1,2,24,3,3,1,2,1,3,1,2,3,33,3,2,1,3,1,1,1
707,1,4,12,2,3,1,3,4,3,1,2,1,30,1,2,2,3,1,1,1
1503,1,4,12,3,1,1,3,4,4,1,4,1,41,3,1,1,3,1,1,1
6078,1,2,12,2,0,1,4,2,3,1,2,3,32,3,2,1,3,1,1,1
2528,1,2,27,2,9,1,2,4,2,1,1,2,32,3,2,1,3,2,2,1
1037,1,2,12,2,9,2,4,3,3,1,4,1,39,3,2,1,2,1,1,1
1352,1,1,6,2,1,3,1,1,2,1,2,2,23,3,1,1,1,1,2,1
3181,1,4,24,2,3,1,2,4,2,1,4,2,26,3,2,1,3,1,2,1
4594,1,4,18,2,3,1,2,3,3,1,2,3,32,3,2,1,3,1,2,1
5381,1,2,48,2,10,5,1,3,3,1,4,4,40,1,3,1,1,1,2,1
4657,1,4,15,2,1,1,3,3,3,1,2,3,30,3,2,1,3,1,2,1
1391,1,2,9,2,9,1,3,2,4,1,1,1,27,1,2,1,3,1,2,1
1913,1,2,18,2,9,4,2,3,4,1,3,1,36,1,2,1,3,1,2,1
7166,1,4,42,2,3,5,4,2,4,1,4,2,29,3,1,1,3,1,2,1
1409,1,4,13,2,3,2,1,2,2,1,4,1,64,3,2,1,3,1,1,1
2978,1,4,24,3,9,5,3,4,3,1,4,1,32,3,2,2,3,2,2,1
976,1,4,12,4,3,5,5,4,3,1,4,3,35,3,2,2,3,1,1,1
2375,1,4,24,3,9,3,3,4,3,1,2,3,44,3,2,2,3,2,2,1
522,1,4,12,4,3,3,5,4,3,1,4,2,42,3,2,2,3,2,2,1
2743,1,4,28,4,3,1,5,4,3,1,2,3,29,3,2,2,3,1,1,1
1154,1,4,11,4,3,2,1,4,2,1,4,1,57,3,2,3,2,1,1,1
5804,1,4,24,4,1,4,3,4,3,1,2,1,27,3,2,2,3,1,1,1
1169,1,4,18,4,3,5,3,4,3,1,3,2,29,3,2,2,3,1,2,1
1478,1,1,15,4,2,1,5,4,3,1,4,3,44,3,2,2,3,2,2,1
776,1,4,12,2,3,1,3,4,4,1,2,1,28,3,2,1,3,1,1,1
1322,1,2,11,4,0,4,3,4,2,1,4,3,40,3,2,2,3,1,1,1
1175,1,2,16,4,0,1,1,2,3,1,3,3,68,3,3,3,1,1,2,1
2133,1,4,12,2,0,5,5,4,2,1,4,4,52,3,3,1,4,1,2,1
1829,1,4,15,4,3,1,5,4,3,1,4,3,46,3,2,2,3,1,2,1
717,1,4,12,4,3,1,5,4,3,1,4,1,52,3,2,3,3,1,1,1
11760,1,2,39,3,6,2,4,2,3,1,3,4,32,3,1,1,3,1,2,1
1501,0,2,9,4,6,1,5,2,2,1,3,3,34,3,2,2,4,1,2,1
1200,1,1,12,2,6,5,3,4,2,1,4,2,23,1,1,1,3,1,2,1
3195,1,2,9,2,0,5,3,1,2,1,2,1,33,3,2,1,2,1,1,1
4530,1,4,30,4,3,1,4,4,2,1,4,3,26,3,1,1,4,1,2,1
1555,0,4,12,3,5,4,5,4,3,1,4,4,55,3,3,2,3,2,1,1
2326,1,2,15,4,9,3,3,2,3,1,4,3,27,1,2,1,3,1,1,1
1887,1,2,18,4,9,5,3,4,4,1,4,1,28,1,2,2,3,1,1,1
1264,1,4,12,4,9,5,5,4,3,1,4,4,57,3,1,1,2,1,1,1
846,1,4,7,3,3,5,5,3,3,1,4,4,36,3,3,1,3,1,1,1
1532,1,4,15,4,6,2,3,4,2,1,3,3,31,3,2,1,3,1,1,1
935,1,4,6,3,3,1,3,3,2,1,2,1,24,3,2,1,3,1,1,1
2442,1,1,27,4,9,1,5,4,3,1,4,3,43,2,2,4,4,2,2,1
3590,1,2,18,4,9,1,1,3,4,1,3,3,40,3,2,3,1,2,2,1
2288,1,4,21,4,2,1,2,4,2,1,4,2,23,3,2,1,3,1,2,1
5117,1,4,27,3,9,1,4,3,3,1,4,3,26,3,2,2,3,1,1,1
14179,1,1,39,4,2,5,4,4,3,1,4,2,30,3,2,2,4,1,2,1
1386,1,4,15,2,3,5,3,4,4,1,2,1,40,3,1,1,3,1,2,1
618,1,4,12,4,3,1,5,4,3,1,4,1,56,3,2,1,3,1,1,1
1574,1,4,12,2,2,1,3,4,3,1,2,1,50,3,2,1,3,1,1,1
700,1,4,6,4,3,5,5,4,3,1,4,4,36,3,3,2,3,1,1,1
886,1,4,12,2,3,5,3,4,2,1,2,3,21,3,2,1,3,1,1,1
4686,1,4,36,2,1,1,3,2,3,1,2,4,32,3,3,1,4,1,2,1
790,1,2,9,2,3,3,3,4,2,1,3,1,66,3,2,1,2,1,1,1
766,0,2,12,2,3,3,3,4,3,1,3,1,66,3,2,1,2,1,1,1
2212,1,1,20,2,2,5,4,4,3,1,4,3,39,3,2,1,3,1,2,1
7308,1,2,10,2,0,1,1,2,3,1,4,4,70,1,3,1,4,1,2,1
5743,1,2,24,4,6,1,2,2,2,1,4,4,24,3,3,2,3,1,2,1
3973,1,1,14,2,0,1,1,1,3,1,4,4,22,3,3,1,3,1,1,1
7418,1,2,60,3,3,5,3,1,3,1,1,1,27,3,2,1,2,1,1,1
2629,1,2,20,3,10,1,3,2,3,1,3,3,29,1,2,2,3,1,2,1
1941,1,2,18,2,9,4,3,4,3,1,2,2,35,3,2,1,2,1,2,1
2333,1,2,24,3,2,5,2,4,3,1,2,2,29,1,2,1,2,1,1,1
2445,1,4,12,2,1,5,2,2,4,1,4,3,26,3,1,1,3,1,2,1
6468,1,2,20,2,1,5,1,1,1,1,4,1,60,3,2,1,4,1,2,1
7374,1,2,18,4,2,1,1,4,3,1,4,2,40,2,2,2,4,1,2,1
3812,1,4,15,2,1,2,2,1,2,1,4,3,23,3,2,1,3,1,2,1
4006,0,1,28,2,0,1,3,3,3,1,2,3,45,3,2,1,2,1,1,1
7472,1,2,12,2,0,5,1,1,2,1,2,1,24,3,1,1,1,1,1,1
1424,1,3,12,2,2,5,5,3,2,1,4,1,55,3,2,1,4,1,2,1
2028,1,2,12,2,1,5,3,4,3,1,2,3,30,3,2,1,3,1,1,1
5324,1,4,15,2,0,3,5,1,2,1,4,4,35,3,3,1,3,1,1,1
2323,1,2,36,2,3,1,4,4,3,1,4,3,24,3,1,1,3,1,1,1
1393,1,4,12,2,6,1,5,4,3,1,4,2,47,1,2,3,3,2,2,1
1984,1,4,18,2,2,1,3,4,3,1,4,4,47,1,3,2,3,1,1,1
999,1,4,24,2,3,5,5,4,3,1,2,3,25,3,2,2,3,1,1,1
7409,1,4,36,2,9,5,5,3,3,1,2,2,37,3,2,2,3,1,1,1
2186,1,4,15,2,2,5,4,1,2,1,4,1,33,1,1,1,2,1,1,1
4473,1,3,36,2,3,1,5,4,3,1,2,3,31,3,2,1,3,1,1,1
937,1,4,24,2,8,1,2,4,4,1,3,3,27,3,2,2,2,1,1,1
3422,1,4,18,2,2,1,5,4,3,1,4,2,47,1,2,3,3,2,2,1
3105,1,4,24,2,3,5,2,4,3,1,2,3,25,3,2,2,3,1,1,1
2748,1,4,12,4,6,1,5,2,2,1,4,4,57,1,3,3,2,1,1,1
3872,1,2,18,2,5,1,1,2,2,1,4,3,67,3,2,1,3,1,2,1
5190,1,4,27,2,5,5,5,4,3,1,4,2,48,3,2,4,3,2,2,1
3001,1,2,18,2,2,1,4,2,2,1,4,1,40,3,1,1,3,1,1,1
3863,1,4,24,3,9,1,3,1,3,1,2,4,32,3,3,1,3,1,1,1
5801,1,4,12,4,2,5,5,2,3,1,4,2,49,3,1,1,3,1,2,2
1592,1,4,12,4,2,4,4,3,2,1,2,2,35,3,2,1,3,1,1,1
1185,1,4,12,4,9,1,3,3,2,1,2,1,27,3,2,2,3,1,1,1
3780,1,4,18,4,2,1,2,3,1,1,2,3,35,3,2,2,4,1,2,1
3612,1,2,18,4,2,1,5,3,2,1,4,2,37,3,2,1,3,1,2,2
1076,1,4,12,2,9,1,3,2,4,1,2,1,26,3,2,1,3,1,2,1
3527,1,4,12,2,0,5,2,2,3,1,3,2,45,3,2,1,4,2,2,1
2051,1,4,18,2,3,1,2,4,3,1,1,1,33,3,2,1,3,1,1,1
3331,1,4,12,4,2,1,5,2,3,1,4,2,42,2,2,1,3,1,1,1
3104,1,1,18,0,9,1,4,3,3,1,1,2,31,1,2,1,3,1,2,1
2611,1,4,24,4,3,1,5,4,4,2,3,1,46,3,2,2,3,1,1,1
1409,1,1,12,4,1,1,5,4,3,1,3,1,54,3,2,1,3,1,1,1
1311,1,4,24,2,3,2,4,4,4,1,3,2,26,3,2,1,3,1,2,1
2108,1,4,6,2,3,1,4,2,4,1,2,1,29,3,1,1,3,1,1,1
4042,1,4,24,4,1,5,4,3,3,1,4,2,43,3,2,2,3,1,2,1
926,1,4,12,4,0,1,1,1,2,1,2,2,38,3,2,1,1,1,1,1
1680,1,1,12,2,3,3,5,3,4,1,1,1,35,3,2,1,3,1,1,1
1249,1,4,24,2,0,1,2,4,4,1,2,1,28,3,2,1,3,1,1,1
2463,1,4,24,4,0,2,4,4,4,1,3,2,27,3,2,2,3,1,2,1
1595,1,4,6,2,3,1,4,3,3,1,2,2,51,3,2,1,3,2,1,1
2058,1,4,24,4,5,1,3,4,1,1,2,1,33,3,2,2,3,1,2,1
7814,1,4,24,2,1,1,4,3,3,1,3,3,38,3,2,1,4,1,2,1
1740,1,4,6,4,3,1,5,2,4,1,2,1,30,3,1,2,3,1,1,1
1240,1,4,12,4,3,5,5,4,2,1,2,1,38,3,2,2,3,1,2,1
6842,1,4,24,4,1,5,3,2,3,1,4,2,46,3,2,2,4,2,2,1
5150,1,4,24,4,2,1,5,4,3,1,4,3,33,3,2,1,3,1,2,1
1203,1,1,6,2,0,2,5,3,3,1,2,2,43,3,2,1,3,1,2,1
2080,1,4,6,4,0,3,3,1,4,1,2,3,24,3,2,1,3,1,1,1
1538,1,4,6,2,6,1,2,1,2,1,2,4,56,3,2,1,3,1,1,1
3878,1,2,24,4,0,2,2,4,1,1,2,3,37,3,2,1,3,1,2,1
3832,1,2,30,2,2,1,2,2,4,1,1,2,22,3,2,1,3,1,1,1
3186,1,4,15,2,0,4,4,2,2,1,3,3,20,3,1,1,3,1,1,1
2896,1,2,24,2,3,2,2,2,3,1,1,3,29,3,2,1,3,1,1,1
6967,1,2,24,3,9,2,4,4,3,1,4,3,36,3,1,1,4,1,2,1
1819,0,4,36,2,6,1,3,4,3,1,4,4,37,2,3,1,3,1,2,1
5943,0,4,24,2,3,5,2,1,2,1,1,3,44,3,2,2,3,1,2,1
7127,0,4,36,4,2,1,2,2,2,1,4,2,23,3,1,2,3,1,2,1
3349,0,4,36,2,2,1,3,4,2,1,2,3,28,3,2,1,4,1,2,1
10974,0,4,36,2,2,1,1,4,2,1,2,3,26,3,2,2,4,1,2,1
518,1,4,6,2,3,1,3,3,2,1,1,1,29,3,2,1,3,1,1,1
1126,1,4,18,2,3,5,2,4,2,1,2,1,21,3,1,1,3,1,2,1
1860,1,2,12,4,1,1,1,4,3,1,2,3,34,3,2,2,4,1,2,1
9566,1,4,36,4,3,1,3,2,2,1,2,3,31,2,2,2,3,1,1,1
701,1,1,12,2,3,1,3,4,4,1,2,1,40,3,2,1,2,1,1,1
2930,1,2,12,2,3,1,4,2,2,1,1,1,27,3,2,1,3,1,1,1
1505,1,4,18,2,3,1,3,4,3,1,2,4,32,3,3,1,4,1,2,1
2238,1,4,18,4,3,1,3,2,2,1,1,3,25,3,2,2,3,1,1,1
1503,1,4,4,4,3,1,4,2,3,1,1,1,42,3,2,2,2,2,1,1
2197,1,4,24,4,1,5,4,4,3,1,4,3,43,3,2,2,3,2,2,1
1881,1,3,12,2,3,1,3,2,2,1,2,3,44,3,1,1,2,1,2,1
1880,1,1,18,4,3,1,4,4,4,1,1,2,32,3,2,2,4,1,2,1
2389,1,1,18,2,3,1,2,4,2,1,1,3,27,2,2,1,3,1,1,1
1967,1,2,24,2,3,1,5,4,2,1,4,3,20,3,2,1,3,1,2,1
3380,1,4,4,4,0,1,4,1,2,1,1,1,37,3,2,1,3,2,1,1
1455,1,4,4,4,0,1,4,2,3,1,1,1,42,3,2,3,2,2,1,1
730,1,4,7,4,3,5,5,4,3,1,2,2,46,3,1,2,2,1,2,1
3244,1,2,18,0,2,1,3,1,2,1,4,3,33,1,2,2,3,1,2,1
1670,0,2,9,2,3,1,2,4,2,1,2,3,22,3,2,1,3,1,2,1
3979,1,2,48,2,3,5,4,4,3,1,1,3,41,3,2,2,3,2,2,1
1922,0,2,12,2,2,1,3,4,3,1,2,2,37,3,2,1,2,1,1,1
1295,1,2,18,4,2,1,2,4,2,1,1,2,27,3,2,2,3,1,1,1
1544,1,4,4,4,3,1,4,2,3,1,1,1,42,3,2,3,2,2,1,1
907,1,2,8,2,9,1,2,3,4,1,2,1,26,3,2,1,3,1,2,1
1715,1,2,30,2,3,5,3,4,2,1,1,3,26,3,2,1,3,1,1,1
1347,1,3,10,4,3,5,4,4,3,1,2,2,27,3,2,2,3,1,2,1
1007,1,2,12,2,0,4,3,4,4,1,1,1,22,3,2,1,3,1,1,1
1402,1,4,12,4,2,3,4,3,2,1,4,3,37,3,1,1,3,1,2,1
2002,1,2,12,2,0,1,4,3,3,1,4,2,30,3,1,1,3,2,2,1
2096,1,4,12,4,6,1,4,2,3,1,3,1,49,3,2,1,2,2,1,1
1101,1,4,12,2,0,1,3,3,4,1,2,1,27,3,2,2,3,1,2,1
894,1,4,10,2,8,5,4,4,2,1,3,2,40,3,2,1,3,1,2,1
1577,1,2,11,2,2,4,2,4,2,1,1,1,20,3,2,1,3,1,1,1
2764,1,4,33,3,9,1,3,2,2,1,2,3,26,3,2,2,3,1,2,1
8358,1,2,48,0,0,3,2,1,2,1,1,3,30,3,2,2,3,1,1,1
1474,1,3,12,2,2,1,2,4,2,1,1,2,33,1,2,1,4,1,2,1
5433,1,4,24,2,1,5,1,2,2,1,4,2,26,3,1,1,4,1,2,1
1410,1,2,14,2,9,3,5,1,4,1,2,1,35,3,2,1,3,1,2,1
3485,1,4,20,4,0,5,2,2,1,1,4,1,44,3,2,2,3,1,2,1
3850,1,4,18,4,1,1,4,3,3,1,1,3,27,3,2,2,3,1,1,1
7408,0,2,60,2,0,2,2,4,2,1,2,2,24,3,2,1,4,1,1,1
1377,1,3,24,2,3,2,5,4,2,1,2,4,47,3,3,1,3,1,2,1
4272,1,4,30,3,9,2,3,2,3,1,2,2,26,3,2,2,2,1,1,1
1553,1,2,24,3,3,2,4,3,2,1,2,2,23,3,1,2,3,1,2,1
9857,1,2,36,3,9,2,4,1,3,1,3,2,31,3,2,2,2,2,2,1
362,1,4,6,4,0,2,3,4,2,1,4,3,52,3,2,2,2,1,1,1
1935,1,4,12,4,2,1,5,4,3,1,4,1,43,3,2,3,3,1,2,1
10222,1,4,48,2,3,5,4,4,3,1,3,3,37,2,2,1,3,1,2,1
1330,1,3,12,2,0,1,2,4,3,1,1,1,26,3,2,1,3,1,1,1
9055,1,4,36,2,6,5,3,2,3,1,4,4,35,3,3,1,2,2,2,1
7966,1,2,26,2,1,1,2,2,3,1,3,3,30,3,2,2,3,1,1,1
3496,1,2,30,1,2,4,3,4,3,1,2,3,34,2,2,1,3,2,2,1
6948,1,2,36,2,1,1,3,2,3,1,2,3,35,3,1,1,4,1,2,1
12204,1,2,48,0,9,5,3,2,3,1,2,3,48,1,2,1,4,1,2,1
3446,0,1,36,2,2,1,5,4,3,1,2,3,42,3,2,1,3,2,1,1
684,0,1,12,2,6,1,3,4,3,1,4,3,40,3,1,1,2,2,1,1
4281,0,1,33,4,2,3,3,1,2,1,4,3,23,3,2,2,3,1,1,1
7174,0,1,42,2,3,5,4,4,2,1,3,3,30,3,2,1,4,1,2,1
1546,0,1,24,1,3,1,4,4,3,3,4,3,24,1,1,1,2,1,1,1
2359,0,1,24,2,2,2,1,1,1,1,1,2,33,3,2,1,3,1,1,1
3621,0,4,24,2,3,2,5,2,3,1,4,3,31,3,2,2,3,1,1,1
741,0,1,12,2,4,2,1,4,2,1,3,2,22,3,2,1,3,1,1,1
7865,0,1,12,2,2,1,5,4,3,1,4,4,53,3,3,1,4,1,2,1
2910,1,1,24,2,1,1,4,2,3,1,1,4,34,3,3,1,4,1,2,1
5302,1,1,18,4,0,1,5,2,3,1,4,4,36,3,3,3,4,1,2,1
3620,1,1,36,2,2,1,3,1,3,3,2,2,37,3,2,1,3,2,1,1
3509,1,1,18,2,3,1,4,4,2,3,1,1,25,3,2,1,3,1,1,1
3017,1,2,12,2,2,1,2,3,2,1,1,1,34,3,1,1,4,1,1,1
1657,1,1,12,2,2,1,3,2,3,1,2,1,27,3,2,1,3,1,1,1
1164,1,1,8,4,10,1,5,3,3,1,4,4,51,1,3,2,4,2,2,1
6229,0,1,36,4,2,1,2,4,2,2,4,4,23,3,1,2,2,1,2,1
1193,0,1,24,1,0,1,1,1,2,2,4,4,29,3,1,2,1,1,1,1
4583,1,1,30,0,2,1,3,2,1,3,2,1,32,3,2,2,3,1,1,1
5371,1,1,36,4,2,1,3,3,3,3,2,2,28,3,2,2,3,1,1,1
708,1,1,12,2,2,1,3,2,3,3,3,2,38,3,2,1,2,2,1,1
571,1,1,21,4,0,1,5,4,3,1,4,1,65,3,2,2,3,1,1,1
2522,1,1,30,2,3,1,5,1,3,3,3,2,39,3,2,1,3,2,1,1
5179,0,1,36,2,2,1,4,4,3,1,2,2,29,3,2,1,3,1,1,1
8229,0,1,36,2,1,1,3,2,3,1,2,2,26,3,2,1,3,2,1,1
2028,1,4,24,4,2,1,4,2,3,1,2,2,30,3,2,2,2,1,1,1
1374,1,1,6,2,0,5,1,4,2,1,3,2,75,3,2,1,4,1,2,1
1289,1,1,12,2,2,1,3,4,3,3,1,2,21,3,2,1,2,1,1,1
2712,0,1,36,2,2,1,5,2,3,1,2,2,41,1,2,1,3,2,1,1
975,1,1,15,4,2,1,3,2,1,1,3,2,25,3,2,2,3,1,1,1
1050,1,2,6,3,2,1,1,4,3,1,1,2,35,2,2,2,4,1,2,2
609,1,1,6,4,0,1,4,4,2,1,3,2,37,3,2,2,3,1,1,1
4788,1,1,48,2,1,1,4,4,3,1,3,2,26,3,2,1,3,2,1,1
3069,1,2,24,2,2,2,5,4,3,1,4,4,30,3,3,1,3,1,1,1
836,0,2,12,2,0,2,2,4,2,1,2,2,23,1,2,1,2,1,1,1
2577,1,1,12,2,2,1,3,2,1,1,1,3,42,3,2,1,3,1,1,1
1620,1,1,12,2,2,1,3,2,2,2,3,2,30,3,2,1,3,1,1,1
1845,1,1,15,2,2,1,2,4,2,3,1,2,46,3,1,1,3,1,1,1
6579,1,1,24,2,1,1,1,4,3,1,2,4,29,3,3,1,4,1,2,1
1893,1,1,12,2,0,1,3,4,2,3,4,2,29,3,2,1,3,1,2,1
10623,1,1,30,4,1,1,5,3,3,1,4,4,38,3,3,3,4,2,2,1
2249,1,1,18,2,0,2,4,4,3,1,3,3,30,3,2,1,4,2,2,1
3108,0,1,30,2,2,1,2,2,1,1,4,2,31,3,2,1,2,1,1,1
958,1,2,12,4,0,1,4,2,3,1,3,1,47,3,2,2,2,2,1,1
9277,1,4,24,2,1,5,3,2,1,1,4,4,48,3,3,1,3,1,2,1
6314,1,4,24,4,10,1,1,4,3,2,2,4,27,1,2,2,4,1,2,1
1526,1,1,12,4,1,1,5,4,3,1,4,4,66,3,3,2,4,1,1,1
3590,1,1,12,2,2,1,3,2,3,2,2,2,29,3,2,1,2,2,1,1
6615,1,1,24,4,1,1,1,2,3,1,4,4,75,3,3,2,4,1,2,1
1872,1,1,6,4,2,1,1,4,3,1,4,4,36,3,3,3,4,1,2,1
2859,1,4,12,2,0,5,1,4,3,1,4,4,38,3,2,1,4,1,2,1
1582,1,4,18,4,3,4,5,4,3,1,4,3,46,3,2,2,3,1,1,1
1238,1,4,6,2,8,5,1,4,3,1,4,2,36,3,2,1,4,2,2,1
2578,1,1,12,2,2,1,1,3,2,1,4,4,55,3,3,1,4,1,1,1
1433,1,1,15,4,2,1,3,4,2,1,3,2,25,3,1,2,3,1,1,1
7882,1,1,42,2,2,1,4,2,3,3,4,2,45,3,3,1,3,2,1,1
4169,1,1,24,2,2,1,3,4,3,1,4,2,28,3,2,1,3,1,1,1
3959,1,1,36,2,2,1,1,4,3,1,3,2,30,3,2,1,4,1,2,1
3249,1,1,36,2,0,1,4,2,3,1,4,4,39,1,3,1,4,2,2,1
3149,1,1,24,2,2,1,2,4,3,1,1,4,22,1,3,1,3,1,1,1
2246,0,1,12,4,2,1,5,3,3,1,3,2,60,3,2,2,3,1,1,1
1797,1,1,13,4,9,1,2,3,3,1,1,2,28,1,2,2,2,1,1,1
4272,1,1,20,4,2,1,5,1,2,1,4,2,24,3,2,2,3,1,1,1
2957,1,1,24,4,1,1,5,4,3,1,4,2,63,3,2,2,3,1,2,1
2348,1,1,36,4,2,1,3,3,4,1,2,2,46,3,2,2,3,1,2,1
6289,1,3,42,0,9,1,2,2,1,1,1,2,33,3,2,2,3,1,1,1
6419,1,1,24,4,1,1,5,2,2,1,4,4,44,3,3,2,4,2,2,1
6143,0,1,48,4,1,1,5,4,2,1,4,4,58,2,3,2,2,1,1,1
1597,1,4,24,4,6,1,5,4,3,1,4,4,54,3,3,2,3,2,1,1
15857,1,1,36,2,10,1,1,2,1,2,3,3,43,3,2,1,4,1,1,1
2223,1,4,24,4,3,2,5,4,3,1,4,2,52,1,2,2,3,1,1,1
7238,1,4,48,3,3,5,5,3,3,1,3,3,32,1,2,2,3,2,1,1
2503,1,2,30,3,9,2,5,4,3,1,2,2,41,2,2,2,3,1,1,1
2622,1,2,18,2,9,2,3,4,3,1,4,3,34,3,2,1,3,1,1,1
4351,1,2,24,2,2,5,3,1,2,1,4,2,48,3,2,1,2,1,2,1
368,1,2,6,2,3,5,5,4,3,1,4,2,38,3,2,1,3,1,1,1
754,1,2,12,2,8,5,5,4,3,1,4,2,38,3,2,2,3,1,1,1
2424,1,4,24,4,3,5,5,4,3,1,4,2,53,3,2,2,3,1,1,1
6681,1,2,48,3,9,5,3,4,3,1,4,4,38,3,3,1,3,2,2,1
2427,1,2,18,3,9,5,5,4,3,1,2,2,42,3,2,2,3,1,1,1
1216,0,2,24,4,3,2,2,4,3,1,4,4,38,1,2,2,3,2,1,1
753,1,2,6,2,3,1,3,2,2,3,3,1,64,3,2,1,3,1,1,1
2576,1,2,7,2,3,1,3,2,3,3,2,1,35,3,2,1,3,1,1,2
590,1,2,6,2,3,1,2,3,4,1,3,1,26,3,2,1,2,1,1,2
1414,1,2,8,2,3,1,3,4,3,3,2,1,33,3,2,1,3,1,1,2
1103,1,2,12,2,3,1,4,4,3,3,3,1,29,3,2,2,3,1,1,1
585,1,2,12,3,3,1,3,4,4,2,4,1,20,3,1,2,3,1,1,1
1068,1,2,6,2,3,1,5,4,3,1,4,3,28,3,2,1,3,2,1,1
713,1,1,8,4,0,1,5,4,3,1,4,1,47,3,2,2,2,1,1,1
1092,1,2,12,2,3,1,3,4,2,3,4,1,49,3,2,2,3,1,2,1
2329,1,2,7,2,3,1,2,1,2,3,1,1,45,3,2,1,3,1,1,1
882,1,2,13,4,3,1,2,4,3,3,4,1,23,3,2,2,3,1,1,1
866,1,2,18,2,3,1,3,4,4,3,2,1,25,3,2,1,2,1,1,1
2415,1,2,7,2,3,1,3,3,3,3,2,1,34,3,2,1,3,1,1,1
2101,1,2,13,2,3,1,2,2,2,3,4,2,23,3,2,1,2,1,1,1
1301,1,2,18,2,3,1,5,4,4,3,2,1,32,3,2,1,2,1,1,1
1113,1,2,18,2,3,1,3,4,2,3,4,1,26,3,2,1,2,2,1,1
760,1,2,8,2,3,1,4,4,2,3,2,1,44,3,2,1,2,1,1,1
625,1,2,12,2,3,1,2,4,4,3,1,1,26,1,2,1,2,1,1,1
1323,1,3,6,4,0,2,5,2,1,1,4,3,28,3,2,2,3,2,2,1
1138,1,1,9,4,3,1,3,4,3,1,4,1,25,3,2,2,2,1,1,1
1795,1,2,18,4,3,1,5,3,2,3,4,1,48,1,1,2,2,1,2,1
2728,1,2,15,4,3,5,4,4,3,3,2,1,35,1,2,3,3,1,2,1
484,1,2,6,2,3,1,4,3,4,3,3,1,28,1,2,1,2,1,1,1
1048,1,2,10,1,3,1,3,4,3,1,4,1,23,2,2,1,2,1,1,1
1155,1,2,12,2,3,1,5,3,4,3,3,1,40,1,2,2,2,1,1,1
7057,1,2,20,3,1,5,4,3,3,1,4,2,36,1,1,2,4,2,2,1
1537,1,2,15,4,3,5,5,4,3,3,4,1,50,3,2,2,3,1,2,1
2214,1,1,12,2,3,1,3,4,3,1,3,2,24,3,2,1,2,1,1,1
1585,1,4,24,4,2,1,4,4,3,1,3,2,40,3,2,2,3,1,1,1
1521,1,2,10,2,2,1,3,4,1,1,2,3,31,3,2,1,2,1,1,1
3990,1,2,36,1,4,5,2,3,2,1,2,4,29,1,2,1,1,1,1,1
3049,1,3,18,2,2,1,2,1,2,1,1,2,45,2,2,1,2,1,1,1
1282,0,1,24,2,3,2,3,4,2,1,2,3,32,3,2,1,2,1,1,1
10144,1,4,60,2,3,2,4,2,2,1,4,1,21,3,2,1,3,1,2,1
1168,1,1,12,2,0,1,3,4,4,1,3,1,27,3,2,1,2,1,1,1
454,1,2,6,2,5,1,2,3,4,1,1,2,22,3,2,1,2,1,1,1
3594,1,4,15,3,1,1,2,1,2,1,2,2,46,3,2,2,2,1,1,1
1768,1,4,12,2,2,1,3,3,3,1,2,1,24,3,1,1,2,1,1,1
15653,1,4,60,3,3,1,4,2,3,1,4,3,21,3,2,2,3,1,2,1
2247,1,3,12,3,0,1,3,2,2,1,2,3,36,2,2,2,3,1,2,1
1413,1,4,24,2,3,1,3,4,4,1,2,2,28,3,2,1,3,1,1,1
4576,1,2,45,4,1,2,1,3,3,1,4,3,27,3,2,1,3,1,1,1
1231,1,1,24,4,3,4,5,4,2,1,4,2,57,3,1,2,4,1,2,1
8335,0,1,36,2,1,5,5,3,3,1,4,4,47,3,3,1,3,1,1,1
5800,1,2,36,4,1,1,3,3,3,1,4,3,34,3,2,2,3,1,2,1
8471,1,1,18,3,6,5,3,1,2,1,2,3,23,3,1,2,3,1,2,1
3622,1,1,30,2,2,4,5,4,2,1,4,2,57,3,1,2,3,1,2,1
1169,1,1,6,4,3,5,5,4,3,1,4,1,67,3,2,2,3,1,2,1
1262,1,4,15,2,4,3,4,4,3,1,3,2,36,3,2,2,3,1,2,1
3617,1,3,24,4,2,5,5,4,3,2,4,4,20,3,1,2,3,1,1,1
2181,1,2,30,4,0,5,5,4,3,1,4,1,36,3,2,2,3,1,1,1
7685,0,1,48,1,9,1,4,2,2,3,4,3,37,3,1,1,3,1,1,1
6110,1,4,48,4,6,1,3,1,3,1,3,4,31,1,3,1,3,1,2,1
3757,1,4,24,2,0,1,5,4,2,2,4,4,62,3,3,1,3,1,2,1
3394,1,1,42,4,5,1,1,4,3,2,4,3,65,3,2,2,1,1,1,1
6304,1,4,36,4,9,5,5,4,3,1,4,1,36,3,2,2,3,1,1,1
1244,1,4,9,4,6,5,5,4,2,1,4,2,41,3,1,2,2,1,1,1
3518,1,4,6,2,0,1,3,2,3,3,3,2,26,3,1,1,3,1,1,1
2613,1,4,36,0,5,1,3,4,3,1,2,3,27,3,2,2,3,1,1,1
7476,1,1,48,2,6,1,4,4,3,1,1,4,50,3,3,1,4,1,2,1
4591,0,4,24,2,9,4,3,2,3,1,3,2,54,3,2,3,4,1,2,1
1924,0,2,18,2,2,5,2,4,2,1,3,1,27,3,1,1,3,1,1,1
5595,0,2,72,2,3,2,3,2,4,1,2,3,24,3,2,1,3,1,1,1
6224,0,2,48,3,6,1,5,4,3,1,4,4,50,3,3,1,3,1,1,1
1905,1,3,15,2,6,1,5,4,3,1,4,3,40,3,1,1,4,1,2,1
2993,1,4,21,3,1,1,3,3,3,1,2,1,28,2,2,2,2,1,1,1
8947,1,4,36,3,1,5,4,3,3,1,2,3,31,2,2,1,4,2,2,1
4020,1,1,24,2,2,1,3,2,3,1,2,3,27,2,2,1,3,1,1,1
2779,1,2,18,2,1,1,3,1,4,1,3,3,21,3,1,1,3,1,2,1
2782,1,4,21,2,0,3,4,1,2,1,2,3,31,1,2,1,4,1,1,1
1884,1,4,12,2,0,1,5,4,3,1,4,3,39,3,2,1,4,1,2,1
11054,1,4,36,4,1,5,3,4,3,1,2,3,30,3,2,1,4,1,2,1
9157,1,2,60,3,3,5,3,2,3,1,2,4,27,3,3,1,4,1,1,1
9283,1,2,42,1,1,1,1,1,3,1,2,4,55,1,3,1,4,1,2,1
6527,1,4,60,2,0,5,3,4,3,1,4,4,34,3,3,1,3,2,2,1
3368,1,4,15,4,1,4,5,3,3,1,4,4,23,3,1,2,3,1,2,1
2511,1,1,15,2,0,1,1,1,2,1,4,3,23,3,1,1,3,1,1,1
5493,1,1,36,2,1,1,5,2,3,1,4,4,42,3,3,1,3,2,1,1
1338,1,4,6,2,4,3,3,1,1,1,4,1,62,3,2,1,3,1,1,1
1082,1,2,9,2,3,1,5,4,3,1,4,3,37,3,2,2,2,1,1,1
1149,1,4,18,4,3,4,3,4,3,1,3,1,46,3,2,2,3,1,1,1
1308,1,2,15,2,5,1,5,4,3,1,4,3,38,3,2,2,2,1,1,1
6148,1,2,20,0,1,2,5,3,4,1,4,3,31,1,2,2,3,1,2,1
1736,1,4,12,2,2,1,4,3,2,1,4,1,31,3,2,1,2,1,1,1
3059,1,4,12,2,3,4,4,2,1,1,4,1,61,3,2,1,2,1,1,1
2996,0,1,24,2,2,5,3,2,4,1,4,3,20,3,2,1,3,1,1,1
7596,1,4,30,4,1,5,5,1,3,1,4,3,63,3,2,2,3,1,1,1
4811,1,4,30,2,1,5,4,2,2,1,4,2,24,2,1,1,2,1,1,1
1766,1,4,6,2,2,1,3,1,4,1,2,2,21,3,1,1,3,1,1,1
2760,1,2,24,2,1,5,5,4,3,1,4,4,36,1,3,1,3,1,2,1
5507,1,4,24,4,5,1,5,3,3,1,4,4,44,3,3,2,3,1,1,1
1199,1,2,9,2,6,1,4,4,2,1,4,2,67,3,2,2,4,1,2,1
2892,1,3,24,2,2,1,5,3,1,1,4,4,51,3,3,1,3,1,1,1
2862,1,2,36,3,0,2,5,4,3,1,3,4,30,3,3,1,3,1,1,1
654,0,1,9,2,0,1,3,4,3,1,3,3,28,3,2,1,2,1,1,1
1136,0,2,9,4,6,4,5,4,3,1,3,4,32,3,3,2,3,2,1,1
4113,0,2,24,2,1,3,2,3,2,1,4,3,28,3,1,1,3,1,1,1
14555,0,2,6,2,0,5,1,1,3,1,2,2,23,3,2,1,1,1,2,1
950,0,1,15,0,0,1,5,4,3,1,3,3,33,3,1,2,3,2,1,1
1199,0,1,24,4,0,1,5,4,3,1,4,3,60,3,2,2,2,1,1,1
1082,0,1,12,0,0,1,3,4,3,1,4,3,48,1,2,2,3,1,1,1
2150,0,2,30,2,0,1,3,4,2,3,2,4,24,1,2,1,3,1,1,1
2820,0,2,36,4,0,1,2,4,1,1,4,3,27,3,2,2,3,1,1,1
3060,0,2,48,2,3,1,4,4,3,1,4,1,28,3,2,2,3,1,1,1
2600,0,1,18,2,3,1,3,4,3,1,4,4,65,3,3,2,3,1,1,1
5003,0,4,21,0,0,5,3,1,2,1,4,2,29,1,2,2,3,1,2,1
6288,0,2,60,2,6,1,3,4,3,1,4,4,42,3,3,1,3,1,1,1
2538,0,4,24,3,0,1,5,4,3,1,4,3,47,3,2,2,2,2,1,1
1478,0,4,9,2,3,1,4,4,3,1,2,3,22,3,2,1,3,1,1,1
4933,0,2,39,4,3,1,4,2,3,3,2,1,25,3,2,2,3,1,1,1
1530,0,4,18,4,0,1,3,3,3,1,2,2,32,1,2,2,3,1,1,1
1437,0,2,9,1,0,2,4,2,3,1,3,4,29,3,2,1,3,1,1,1
1275,0,1,15,2,4,5,3,4,2,1,2,3,24,3,1,1,3,1,1,1
1823,0,1,24,2,3,1,1,4,3,1,2,3,30,2,2,1,4,2,1,1
1422,0,1,9,2,0,1,2,3,3,1,2,4,27,3,3,1,4,1,2,1
1217,0,1,18,2,4,1,3,4,4,1,3,1,47,3,2,1,2,1,2,1
9271,0,1,36,2,0,1,4,2,3,1,1,3,24,3,2,1,3,1,2,1
2145,0,1,36,3,9,1,4,2,3,1,1,3,24,3,2,2,3,1,2,1
1842,0,1,36,2,0,1,2,4,2,1,4,3,34,3,2,1,3,1,2,1
4297,0,2,18,3,2,1,5,4,1,1,3,4,40,3,2,1,4,1,2,1
3384,0,1,6,4,2,1,3,1,1,1,4,1,44,3,1,1,4,1,2,1
1245,0,2,18,4,3,1,3,4,4,1,2,3,33,3,2,1,3,1,1,1
4623,0,4,15,2,6,2,3,3,3,1,2,2,40,3,2,1,4,1,2,1
8386,0,2,30,4,2,1,4,2,3,1,2,2,49,3,2,1,3,1,1,1
1024,0,1,24,3,3,1,2,4,4,1,4,1,48,2,2,1,3,1,1,1
14318,0,2,36,2,0,1,5,4,3,1,2,4,57,3,3,1,4,1,2,1
433,0,2,6,1,6,4,2,4,2,1,2,2,24,1,1,1,3,2,1,1
2149,0,1,12,1,3,1,3,4,1,1,1,4,29,3,3,1,3,1,1,1
2397,0,4,24,2,3,3,5,3,3,1,2,3,35,1,2,2,3,1,2,1
931,0,2,6,1,0,2,2,1,2,1,1,2,32,2,2,1,2,1,1,1
1512,0,2,15,3,5,4,3,3,4,1,3,2,61,2,2,2,3,1,1,1
4241,0,2,24,0,9,1,3,1,3,1,4,1,36,3,2,3,2,1,2,1
4736,0,2,24,4,2,1,2,2,2,1,4,3,25,1,2,1,2,1,1,1
1778,0,2,15,0,0,1,2,2,2,1,1,1,26,3,1,2,1,1,1,1
2327,0,3,15,2,3,1,2,2,2,1,3,1,25,3,2,1,2,1,1,1
6872,0,1,24,1,2,1,2,2,1,1,1,2,55,1,2,1,3,1,2,1
795,0,1,12,2,6,1,2,4,2,1,4,2,53,3,2,1,3,1,1,1
1908,0,3,30,3,9,1,5,4,3,1,4,1,66,3,2,1,4,1,2,1
1953,0,2,36,0,9,1,5,4,3,1,4,4,61,3,3,1,4,1,2,1
2864,0,3,18,2,2,1,3,2,3,1,1,1,34,3,2,1,2,2,1,1
2319,0,3,21,4,6,1,2,2,1,1,1,3,33,3,1,1,3,1,1,1
915,0,1,24,2,0,5,5,4,2,1,2,3,29,1,2,1,3,1,1,1
947,0,3,24,2,0,1,4,4,3,1,3,4,38,1,3,1,3,2,1,1
1381,0,1,24,2,0,5,3,4,2,1,2,2,35,3,2,1,3,1,1,1
1285,0,1,24,2,0,5,4,4,2,1,4,4,32,3,1,1,3,1,1,1
1371,0,1,24,2,0,5,3,4,2,1,4,1,25,3,1,1,3,1,1,1
1042,0,2,18,2,0,5,3,4,2,1,2,2,33,3,2,1,3,1,1,1
900,0,1,12,2,0,5,3,4,4,1,2,3,23,3,2,1,3,1,1,1
1207,0,1,24,2,0,1,2,4,2,1,4,2,24,3,1,1,3,1,1,1
2278,0,2,18,0,0,2,2,3,2,1,3,3,28,3,2,2,3,1,1,1
6836,0,1,60,3,9,1,5,3,3,1,4,4,63,3,2,2,3,1,2,1
3345,0,1,24,2,2,1,5,4,3,1,2,2,39,3,1,1,4,1,2,1
1198,0,1,6,1,6,1,5,4,2,1,4,4,35,3,3,1,3,1,1,1
15672,0,2,48,2,9,1,3,2,3,1,2,3,23,3,2,1,3,1,2,1
7297,0,1,60,2,9,1,5,4,3,2,4,4,36,3,1,1,3,1,1,1
1943,0,4,18,2,5,1,2,4,2,1,4,1,23,3,2,1,3,1,1,1
3190,0,1,18,2,3,1,3,2,2,1,2,1,24,3,2,1,3,1,1,1
5129,0,2,9,1,1,1,5,2,2,1,4,4,74,1,3,1,4,2,2,1
1808,0,4,18,3,2,1,4,4,2,1,1,1,22,3,2,1,3,1,1,1
1240,0,3,10,2,0,2,5,1,2,1,4,4,48,3,3,1,2,2,1,1
759,0,1,12,2,0,1,4,4,3,1,2,1,26,3,2,1,3,1,1,1
1237,0,2,8,2,2,1,3,3,2,1,4,1,24,3,2,1,3,1,1,1
1980,0,4,9,2,2,1,2,2,2,2,2,3,19,3,1,2,3,1,1,1
10961,0,2,48,2,3,4,4,1,3,2,2,4,27,1,2,2,3,1,2,1
6887,0,1,36,3,6,1,3,4,3,1,3,2,29,2,2,1,3,1,2,1
1938,0,1,24,2,3,1,2,4,1,1,3,2,32,3,2,1,3,1,1,1
1835,0,1,21,2,3,1,3,3,2,1,2,1,25,3,2,2,3,1,2,1
1659,0,1,24,3,3,1,2,4,2,1,2,3,29,3,1,1,2,1,2,1
1209,0,2,6,3,0,1,1,4,3,1,4,2,47,3,2,1,4,1,2,1
3844,0,2,48,0,9,2,4,4,3,1,4,4,34,3,3,1,2,2,1,1
4843,0,1,12,4,0,1,5,3,3,2,4,2,43,3,1,2,3,1,2,1
639,0,2,12,2,5,1,3,4,3,1,2,3,30,3,2,1,3,1,1,1
5951,0,2,48,2,3,1,3,2,2,1,2,1,22,3,2,1,3,1,1,1
3804,0,2,36,0,3,1,3,4,2,1,1,3,42,3,2,1,3,1,2,1
4463,0,4,36,3,3,1,3,4,3,1,2,3,26,3,2,2,4,1,2,1
7980,0,4,36,3,9,5,2,4,3,1,4,3,27,3,1,2,3,1,2,1
4210,0,3,36,2,3,1,3,4,3,1,2,3,26,3,2,1,3,1,1,1
4611,0,4,6,2,2,1,2,1,2,1,4,2,32,3,2,1,3,1,1,1
11560,0,2,24,2,1,1,3,1,2,1,4,3,23,3,1,2,4,1,1,1
4165,0,4,18,0,9,1,3,2,3,1,2,3,36,2,2,2,3,2,1,1
4057,0,2,24,2,2,1,4,3,1,1,3,3,43,3,2,1,3,1,2,1
6458,0,4,18,1,0,1,5,2,3,1,4,4,39,1,2,2,4,2,2,1
1386,0,4,12,2,0,3,3,2,2,1,2,2,26,3,2,1,3,1,1,1
1977,0,1,36,2,6,5,5,4,3,1,4,4,40,3,2,1,4,1,2,1
1928,0,2,18,4,2,1,2,2,3,1,2,1,31,3,2,2,2,1,1,1
1123,0,4,12,2,2,3,3,4,2,1,4,3,29,3,1,1,2,1,1,1
11328,0,2,24,2,10,1,3,2,3,2,3,3,29,1,2,2,4,1,2,1
11938,0,2,24,4,10,1,3,2,3,2,3,3,39,3,2,2,4,2,2,1
2520,0,2,27,4,3,3,3,4,3,1,2,2,23,3,2,2,2,1,1,1
1919,0,2,30,3,3,2,2,4,3,1,3,4,30,2,2,2,4,1,1,1
14782,0,2,60,1,10,2,5,3,2,1,4,4,60,1,3,2,4,1,2,1
2671,0,2,36,2,3,2,3,4,2,2,4,4,50,3,3,1,3,1,1,1
12612,0,2,36,2,6,2,3,1,3,1,4,4,47,3,3,1,3,2,2,1
3031,0,2,45,2,3,2,3,4,3,3,4,2,21,3,1,1,3,1,1,1
626,0,1,12,1,3,1,3,4,2,1,4,1,24,1,2,1,2,1,1,1
1935,0,2,24,4,9,1,5,4,1,1,4,1,31,3,2,2,3,1,2,1
1344,0,3,24,4,0,5,4,4,3,1,2,1,37,1,2,2,2,2,1,1
1533,0,4,18,2,2,1,2,4,4,2,1,2,43,3,2,1,2,2,1,1
3931,0,1,48,2,0,1,4,4,3,1,4,4,46,3,3,1,3,2,1,1
3349,0,1,24,1,2,3,2,4,3,1,4,4,30,3,3,1,3,2,2,1
2302,0,1,36,2,3,1,3,4,1,1,4,3,31,3,1,1,3,1,1,1
3965,0,1,42,2,3,1,2,4,3,1,3,3,34,3,2,1,3,1,1,1
727,0,1,12,2,3,2,2,4,4,1,3,4,33,3,2,1,2,1,2,1
3914,0,4,48,2,9,5,3,4,1,1,2,1,38,1,2,1,3,1,1,1
4308,0,1,48,2,9,1,2,3,2,1,4,2,24,3,1,1,3,1,1,1
1534,0,2,12,2,3,1,2,1,4,1,1,1,23,3,1,1,3,1,1,1
2775,0,4,18,4,0,1,4,2,3,1,2,2,31,1,2,2,3,1,1,1
5998,0,1,40,4,6,1,3,4,3,1,3,4,27,1,2,1,3,1,2,1
1271,0,3,15,4,3,5,3,3,3,1,4,4,39,3,3,2,3,1,2,1
1295,0,2,12,2,0,1,2,3,2,1,1,3,25,3,1,1,3,1,1,1
9398,0,2,36,2,1,1,2,1,4,1,4,3,28,3,1,1,4,1,2,1
951,0,2,12,2,2,2,2,4,2,1,4,3,27,1,1,4,3,1,1,1
1355,0,2,24,2,0,1,2,3,2,1,4,3,25,3,2,1,2,1,2,1
3051,0,1,48,2,4,1,3,3,3,1,4,3,54,3,2,1,3,1,1,1
7855,0,4,36,4,0,1,3,4,2,1,2,1,25,2,2,2,3,1,2,1
433,0,4,18,2,3,1,1,3,2,2,4,1,22,3,1,1,3,1,1,1
9572,0,4,36,3,9,1,2,1,1,1,1,3,28,3,2,2,3,1,1,1
1837,0,2,24,1,6,1,4,4,2,1,4,4,34,1,3,1,2,1,1,1
4249,0,2,30,4,0,1,1,4,4,1,2,3,28,3,2,2,4,1,1,1
5234,0,2,30,4,0,1,1,4,4,1,2,3,28,3,2,2,4,1,1,1
6758,0,1,48,2,3,1,3,3,2,1,2,3,31,3,2,1,3,1,2,1
1366,0,1,9,2,3,1,2,3,2,1,4,2,22,3,1,1,3,1,1,1
1358,0,1,24,1,10,5,5,4,3,1,3,3,40,2,2,1,4,1,2,1
2473,0,1,18,2,2,1,1,4,3,1,1,3,25,3,2,1,1,1,1,1
1337,0,3,9,0,3,1,2,4,3,1,2,3,34,3,2,2,4,1,2,1
7763,0,1,48,2,0,1,5,4,3,1,4,4,42,1,3,1,4,1,1,1
1264,0,2,15,1,0,2,3,2,4,1,2,2,25,3,1,1,3,1,1,1
2631,0,2,15,2,0,2,3,2,2,1,4,3,28,3,1,2,3,1,2,1
6560,0,2,48,2,0,2,4,3,3,1,2,2,24,3,2,1,3,1,1,1
3123,0,1,24,2,0,1,2,4,2,1,1,2,27,3,2,1,3,1,1,1
8065,0,1,36,4,6,1,3,3,2,1,2,4,25,3,2,2,4,1,2,1
2439,0,1,24,2,3,1,2,4,2,1,4,1,35,3,2,1,3,1,2,1
9034,0,2,36,2,2,2,2,4,3,2,1,4,29,3,1,1,4,1,2,1
14027,0,2,60,2,0,1,4,4,3,1,2,4,27,3,2,1,4,1,2,1
9629,0,1,36,4,1,1,4,4,3,1,4,3,24,3,2,2,3,1,2,1
1484,0,2,12,2,3,5,3,2,4,1,1,1,25,3,2,1,3,1,2,1
1131,0,1,18,2,2,1,1,4,2,1,2,3,33,3,2,1,3,1,1,1
2064,0,2,24,3,2,1,1,3,2,1,2,2,34,3,2,1,4,1,2,1
12976,0,2,18,2,1,1,1,3,2,1,4,4,38,3,3,1,4,1,2,1
2580,0,4,21,3,9,3,2,4,3,1,2,1,41,1,2,1,2,2,1,1
2570,0,4,27,2,0,1,3,3,2,1,3,1,21,3,1,1,3,1,1,1
3915,0,2,27,2,9,1,3,4,3,1,2,3,36,3,2,1,3,2,2,1
1309,0,4,10,2,0,5,3,4,3,3,4,2,27,3,2,1,2,1,1,1
4817,0,1,24,2,0,1,4,2,3,2,3,2,31,3,2,1,3,1,2,1
2579,0,1,12,2,0,1,2,4,3,1,1,1,33,3,2,1,2,2,1,1
2225,0,2,36,3,0,1,5,4,3,1,4,4,57,1,3,2,3,1,2,1
4153,0,1,18,2,2,1,3,2,3,2,3,3,42,3,2,1,3,1,1,1
3114,0,1,18,0,2,1,2,1,2,1,4,2,26,3,1,1,3,1,1,1
2124,0,1,18,4,2,1,3,4,2,1,4,1,24,3,1,2,3,1,1,1
1553,0,1,18,1,2,1,3,4,3,1,3,3,44,1,2,1,3,1,1,1
2406,0,1,30,2,2,1,4,4,2,1,4,1,23,3,1,1,3,1,1,1
1333,0,1,24,3,0,1,1,4,3,1,2,1,43,3,3,2,3,2,1,1
7119,0,1,48,0,2,1,3,3,3,1,4,4,53,3,3,2,3,2,1,1
4870,0,1,24,3,0,1,3,3,3,1,4,4,53,3,3,2,3,2,1,1
691,0,1,12,4,0,1,5,4,3,1,3,2,35,3,2,2,3,1,1,1
4370,0,1,42,3,3,1,4,3,3,1,2,2,26,1,2,2,3,2,2,1
2746,0,1,36,1,2,1,5,4,3,1,4,3,31,1,2,1,3,1,1,1
4110,0,1,24,0,2,1,5,3,3,1,4,4,23,1,1,2,3,2,1,1
2462,0,1,18,2,2,1,3,2,3,1,2,3,22,3,2,1,3,1,1,1
1282,0,1,12,2,2,1,3,2,2,1,4,3,20,3,1,1,3,1,1,1
2969,0,2,12,0,2,1,2,4,2,1,3,2,25,3,1,2,3,1,1,1
4605,0,1,48,0,1,1,5,3,3,1,4,4,24,3,3,2,3,2,1,1
6331,0,1,48,4,1,1,5,4,3,1,4,4,46,3,3,2,3,1,2,1
3552,0,1,24,1,2,1,4,3,3,1,4,3,27,1,2,1,3,1,1,1
697,0,1,12,1,0,1,2,4,3,1,2,3,46,1,2,2,3,1,2,1
1442,0,1,24,2,0,1,4,4,2,1,4,3,23,3,1,2,3,1,1,1
5293,0,1,27,0,9,1,1,2,3,1,4,2,50,3,2,2,3,1,2,1
3414,0,1,21,3,6,1,2,2,3,1,1,2,26,2,2,2,3,1,1,1
2039,0,1,18,2,2,1,3,1,2,1,4,1,20,3,1,1,3,1,1,1
3161,0,1,24,1,9,1,3,4,3,1,2,2,31,1,1,1,3,1,2,1
902,0,1,12,2,8,1,4,4,4,1,4,2,21,3,1,1,3,1,1,1
10297,0,1,48,2,1,1,4,4,3,1,4,4,39,3,3,3,3,2,2,1
14421,0,2,48,0,9,1,3,2,3,1,2,3,25,2,2,1,3,1,2,1
1056,0,2,18,4,0,1,5,3,3,3,3,1,30,3,2,2,3,1,1,1
1274,0,1,12,2,0,1,2,3,2,1,1,1,37,1,2,1,2,1,1,1
1223,0,2,12,2,0,1,5,1,1,1,1,1,46,3,1,2,3,1,1,1
1372,0,1,12,2,0,1,4,2,1,1,3,3,36,3,2,1,3,1,1,1
2625,0,1,16,4,0,1,5,2,3,3,4,2,43,3,1,1,3,1,2,2
2235,0,1,20,4,0,1,3,4,4,3,2,2,33,1,1,2,3,1,1,2
959,0,2,9,2,2,1,3,1,2,1,2,3,29,1,2,1,3,1,1,1
884,0,2,18,4,0,1,5,4,3,1,4,3,36,3,2,1,3,2,2,1
1246,0,2,24,2,0,1,2,4,3,1,2,1,23,1,2,1,2,1,1,1
8086,0,2,36,3,0,2,5,2,3,1,4,3,42,2,2,4,4,1,2,1
10127,0,4,48,4,0,3,3,2,3,1,2,4,44,3,3,1,3,1,1,1
888,0,2,12,2,0,1,5,4,3,1,4,3,41,1,2,1,2,2,1,1
719,0,4,12,2,6,1,5,4,3,1,4,3,41,1,2,1,2,2,1,1
12389,0,2,36,2,0,5,3,1,3,1,4,4,37,1,3,1,3,1,2,1
709,0,1,12,2,3,1,5,4,3,1,4,1,57,3,2,1,2,1,1,1
6850,0,2,15,1,0,2,1,1,3,1,2,2,34,2,2,1,4,2,2,1
2210,0,4,10,2,2,1,3,2,3,1,2,1,25,3,1,1,2,1,1,1
7485,0,4,30,1,1,5,1,4,2,1,1,1,53,1,2,1,4,1,2,1
1442,0,1,18,1,0,1,4,4,3,1,4,4,32,1,3,2,2,2,1,1
797,0,4,12,4,3,5,5,4,2,1,3,2,33,3,2,1,2,2,1,1
4746,0,2,45,4,3,1,2,4,3,1,2,2,24,1,2,2,2,1,1,1
939,0,3,12,4,0,3,4,4,4,1,2,1,28,3,2,3,3,1,2,1
1188,0,2,21,2,9,1,5,2,2,1,4,2,39,3,2,1,3,2,1,1
11590,0,4,48,4,1,2,3,2,2,1,4,3,24,3,1,2,2,1,1,1
609,0,3,12,1,9,1,2,4,2,1,1,1,26,1,2,1,1,1,1,1
1190,0,1,18,4,5,1,1,2,2,1,4,4,55,3,3,3,1,2,1,1
2767,0,2,21,2,9,2,5,4,1,1,2,3,61,3,1,2,2,1,1,1
3441,0,2,30,2,2,2,3,2,2,2,4,3,21,1,1,1,3,1,1,1
4280,0,2,30,0,9,2,3,4,2,1,4,3,26,3,1,2,2,1,1,1
3092,0,2,24,2,3,2,2,3,4,1,2,3,22,3,1,1,3,1,2,1
6761,0,4,18,2,0,5,3,2,3,1,4,3,68,2,1,2,3,1,1,1
1331,0,2,12,2,3,1,2,2,3,1,1,3,22,3,2,1,3,1,1,1
15945,0,2,54,0,9,1,2,3,3,1,4,4,58,3,1,1,3,1,2,1
3234,0,1,24,2,2,1,2,4,2,1,4,1,23,3,1,1,2,1,2,1
802,0,2,15,2,3,1,5,4,3,1,3,3,37,3,2,1,3,2,1,1
9960,0,2,48,2,2,1,2,1,2,1,2,3,26,1,2,1,3,1,2,1
8648,0,4,24,3,9,1,2,2,3,1,2,3,27,1,2,2,3,1,2,1
1345,0,1,18,2,3,1,3,4,4,1,3,1,26,3,2,1,3,1,1,1
1845,0,1,45,2,3,1,3,4,3,1,4,4,23,3,3,1,3,1,2,1
1647,0,1,21,1,0,5,3,4,3,1,2,2,40,1,2,2,2,2,1,1
4844,0,4,48,2,9,1,1,3,3,1,2,3,33,3,1,1,4,1,2,1
8318,0,2,27,0,9,1,5,2,2,1,4,4,42,2,3,2,4,1,2,1
2100,0,3,18,2,3,1,3,4,3,2,2,1,37,3,2,1,3,1,1,1
11816,0,1,45,0,9,1,5,2,3,1,4,3,29,3,1,2,3,1,1,1
448,0,1,6,2,6,1,2,4,2,1,4,2,23,3,2,1,3,1,1,1
11998,0,1,30,2,5,1,2,1,1,1,1,4,34,1,2,1,2,1,2,1
18424,0,2,48,0,10,1,3,1,2,1,2,2,32,1,2,1,4,1,2,2
14896,0,1,6,2,0,1,5,1,3,1,4,4,68,1,2,1,4,1,2,1
2762,0,2,12,2,2,5,5,1,2,1,2,2,25,3,2,1,3,1,2,1
3386,0,1,12,2,1,1,5,3,3,1,4,4,35,3,3,1,3,1,2,1
2039,0,2,24,2,3,1,2,1,4,1,1,2,22,3,2,1,3,1,2,1
2169,0,4,18,3,9,1,3,4,4,1,2,3,28,3,2,1,3,1,2,1
5096,0,2,48,4,2,1,3,2,2,1,3,3,30,3,2,1,4,1,2,1
1882,0,1,18,2,3,1,3,4,2,1,4,3,25,1,1,2,3,1,1,1
6999,0,1,48,2,3,1,4,1,4,3,1,1,34,3,2,2,3,1,2,1
2292,0,4,12,4,9,1,1,4,3,1,2,3,42,2,2,2,4,1,2,1
8978,0,1,14,2,0,1,5,1,1,1,4,2,45,3,2,1,4,1,2,2
674,0,1,12,2,3,2,4,4,4,1,1,2,20,3,2,1,3,1,1,1
976,0,1,18,2,0,1,2,1,2,1,2,3,23,3,2,1,2,1,1,1
2718,0,2,24,2,0,1,3,3,2,1,4,2,20,3,1,1,2,1,2,1
750,0,1,18,2,6,1,1,4,2,1,1,1,27,3,2,1,1,1,1,1
12579,0,2,24,2,1,1,5,4,2,1,2,4,44,3,3,1,4,1,2,1
7511,0,1,18,2,1,5,5,1,3,1,4,2,51,3,3,1,3,2,2,1
3966,0,1,18,4,0,1,5,1,2,1,4,1,33,1,1,3,3,1,2,1
6199,0,1,12,0,3,1,3,4,3,1,2,2,28,3,1,2,3,1,2,1
1987,0,1,24,2,3,1,3,2,3,1,4,1,21,3,1,1,2,2,1,1
2303,0,1,24,2,0,1,5,4,3,2,1,1,45,3,2,1,3,1,1,1
12680,0,4,21,4,0,5,5,4,3,1,4,4,30,3,3,1,4,1,2,1
6468,0,2,12,2,3,5,1,2,3,1,1,4,52,3,2,1,4,1,2,1
6350,0,1,30,2,2,5,5,4,3,1,4,2,31,3,2,1,3,1,1,1
